{
  "trainedAt": "2026-06-12T05:31:56.439Z",
  "sampleSize": 16000611,
  "version": "training-v2",
  "trainSampleSize": 12780867,
  "testSampleSize": 3219744,
  "testMetrics": {
    "sampleSize": 3219744,
    "bucketsEvaluated": 14,
    "logLoss": 0.2800374116734828,
    "baselineLogLoss": 0.2896951350201604,
    "brier": 0.08371280087380435,
    "accuracy": 0.8826689326853315
  }
}