{
  "trainedAt": "2026-06-06T07:02:21.325Z",
  "sampleSize": 16004527,
  "version": "training-v2",
  "trainSampleSize": 12784079,
  "testSampleSize": 3220448,
  "testMetrics": {
    "sampleSize": 3220448,
    "bucketsEvaluated": 14,
    "logLoss": 0.2801022039654525,
    "baselineLogLoss": 0.2897632073855332,
    "brier": 0.08373476470571102,
    "accuracy": 0.8826436570315683
  }
}