{
  "trainedAt": "2026-06-15T00:04:01.852Z",
  "sampleSize": 16002855,
  "version": "training-v2",
  "trainSampleSize": 12781714,
  "testSampleSize": 3221141,
  "testMetrics": {
    "sampleSize": 3221141,
    "bucketsEvaluated": 14,
    "logLoss": 0.27978097448438316,
    "baselineLogLoss": 0.2894646013336687,
    "brier": 0.08361194590766613,
    "accuracy": 0.8830591396030164
  }
}