{
  "buckets": {
    "Hits|standard": {
      "x": [
        0.05000000000000626,
        0.10473082667093278,
        0.17832366416884618,
        0.1963205934173225,
        0.21508277981798204,
        0.22639811750445732,
        0.24123963398817078,
        0.38484746971056083,
        0.5351270372178348,
        0.5680579609104699,
        0.5769327480774724,
        0.5935936265083014,
        0.601449996260762,
        0.6048906296222512,
        0.6090444425179674,
        0.6152975312683735,
        0.6230198443839077,
        0.6381662533727749,
        0.654184268838737,
        0.6738387822361915,
        0.6938263657637204,
        0.7635382648865319,
        0.8664575593192476,
        0.893213032175939,
        0.8971511774815251,
        0.9045958072254406,
        0.9090364559690354,
        0.9109019946778975,
        0.9127264276396535,
        0.915591717041236,
        0.9205134910749696,
        0.9392274103640604,
        0.9499999999993661
      ],
      "y": [
        0.05,
        0.10391873354836317,
        0.12491420727522307,
        0.12527964205816555,
        0.13687528140477262,
        0.14640198511166252,
        0.182648401826484,
        0.23405024399060184,
        0.3073617874534517,
        0.3112449799196787,
        0.3257343270495397,
        0.3666146645865835,
        0.4325581395348837,
        0.43283582089552236,
        0.4388059701492537,
        0.5166051660516605,
        0.5281306715063521,
        0.5336633663366337,
        0.5409090909090909,
        0.5449254274281556,
        0.5836575875486382,
        0.6235317278036616,
        0.768819174668328,
        0.7733333333333333,
        0.7759412304866851,
        0.7968397291196389,
        0.8783068783068783,
        0.886435331230284,
        0.9174311926605505,
        0.95,
        0.95,
        0.95,
        0.95
      ],
      "sampleSize": 218736
    },
    "Runs|standard": {
      "x": [
        0.050000000000006296,
        0.09713687529231793,
        0.1812218482884893,
        0.2303818852820115,
        0.248690891923282,
        0.27801264383028856,
        0.2967961913553986,
        0.3042351183423305,
        0.39440585682063034,
        0.6325839186829485,
        0.7499806692542059,
        0.757321416816297,
        0.763740947263061,
        0.7813694861595442,
        0.8023752563295538,
        0.8155487313558858,
        0.8279168435251324,
        0.8348634479578128,
        0.8551142178603026,
        0.9000626518065251,
        0.9312327887614679,
        0.9499999999996785
      ],
      "y": [
        0.05,
        0.09295989101254157,
        0.10611826697892272,
        0.15069725596041386,
        0.1544502617801047,
        0.16590784920779458,
        0.171875,
        0.18303571428571427,
        0.2093010272443055,
        0.33004867150722095,
        0.38333333333333336,
        0.38799076212471134,
        0.4366812227074236,
        0.44779018941233606,
        0.4741818181818182,
        0.4908503767491927,
        0.53125,
        0.5384615384615384,
        0.95,
        0.95,
        0.95,
        0.95
      ],
      "sampleSize": 218736
    },
    "RBIs|standard": {
      "x": [
        0.05000000000000932,
        0.1268625015366428,
        0.21973763476175726,
        0.2429926503933058,
        0.2866165195661585,
        0.30414998627578715,
        0.4144253853257183,
        0.5307928691617284,
        0.6180050036744552,
        0.6831801576407173,
        0.7001798599138926,
        0.7118838136723966,
        0.7151865686487343,
        0.7166964629987712,
        0.7302121421679858,
        0.7564842296918209,
        0.7913222457456709,
        0.8043709489546845,
        0.8327485977309291,
        0.8448166756437729,
        0.8660334666827881,
        0.88034275894485,
        0.8980411723314025,
        0.9207419134163338,
        0.9499079575597404
      ],
      "y": [
        0.05,
        0.11105101856859564,
        0.11331444759206799,
        0.11887810140237325,
        0.14648910411622276,
        0.16335227272727273,
        0.1863065724232514,
        0.20694188798317117,
        0.2142454637664826,
        0.2469690777823185,
        0.2572123740006952,
        0.2864450127877238,
        0.291866028708134,
        0.2937062937062937,
        0.3276036400404449,
        0.3894230769230769,
        0.7142857142857143,
        0.7219251336898396,
        0.9347826086956522,
        0.95,
        0.95,
        0.95,
        0.95,
        0.95,
        0.95
      ],
      "sampleSize": 218736
    },
    "Stolen Bases|standard": {
      "x": [
        0.050000000000020424,
        0.10864660348621999,
        0.16782524118641945,
        0.1845778859524928,
        0.1971550301340691,
        0.20753645121748496,
        0.421034829475954,
        0.5840527908073478,
        0.5892813641423181,
        0.591039225882924,
        0.5995071612210029,
        0.6204472328799165,
        0.641308066053678,
        0.6547553486245306,
        0.6646581931029254,
        0.6667635474027993,
        0.679651994385429,
        0.7022586302414267,
        0.7137118937790031,
        0.7245620588521215,
        0.7573733959911365,
        0.7677680107553996,
        0.7802430636786705,
        0.7991721814361941,
        0.8161521607406618,
        0.9203723626415191
      ],
      "y": [
        0.05,
        0.05,
        0.05,
        0.05,
        0.05,
        0.06580448839863066,
        0.0723996026678019,
        0.07405022537025113,
        0.07692307692307693,
        0.09090909090909091,
        0.09618573797678276,
        0.10507246376811594,
        0.13514804202483285,
        0.1444954128440367,
        0.16666666666666666,
        0.17391304347826086,
        0.18795843520782396,
        0.19934640522875818,
        0.21621621621621623,
        0.2857142857142857,
        0.3202614379084967,
        0.3333333333333333,
        0.3641304347826087,
        0.37209302325581395,
        0.41975308641975306,
        0.95
      ],
      "sampleSize": 218736
    },
    "At Bats|standard": {
      "x": [
        0.05000000000001486,
        0.0833730690160253,
        0.11975003600547059,
        0.14420497934487722,
        0.17087690439034922,
        0.2022483694646779,
        0.22226369210529948,
        0.2239015656405787,
        0.226746572593737,
        0.2403004237579469,
        0.26025850726090993,
        0.28734217358739406,
        0.3106507755262135,
        0.32259017484933,
        0.33217689858930977,
        0.33368593382047684,
        0.3491448156348073,
        0.3613719999810936,
        0.3700059914337095,
        0.4049081034391188,
        0.4664585042422451,
        0.5201380579822296,
        0.5486290600153397,
        0.5557049978348204,
        0.5651615025784409,
        0.5806162834228853,
        0.6577387624039877,
        0.7339778291011037,
        0.7698117292986869,
        0.7861531891028812,
        0.788762322009971,
        0.7988722557243934,
        0.8064495162396494,
        0.8078780334187636,
        0.8195814263766791,
        0.8320012262474529,
        0.8387121477612044,
        0.902298823437136,
        0.9499999999994815
      ],