{
  "trainedAt": "2026-06-12T06:58:21.801Z",
  "sampleSize": 15627136,
  "version": "training-v2",
  "trainSampleSize": 12463808,
  "testSampleSize": 3163328,
  "testMetrics": {
    "sampleSize": 3163328,
    "bucketsEvaluated": 8,
    "logLoss": 0.2835314339749545,
    "baselineLogLoss": 0.29748770939427455,
    "brier": 0.08452806120146958,
    "accuracy": 0.8834961154834402
  }
}