{
  "trainedAt": "2026-06-06T08:37:45.287Z",
  "sampleSize": 15652000,
  "version": "training-v2",
  "trainSampleSize": 12484304,
  "testSampleSize": 3167696,
  "testMetrics": {
    "sampleSize": 3167696,
    "bucketsEvaluated": 8,
    "logLoss": 0.2838026554090988,
    "baselineLogLoss": 0.2978109018118631,
    "brier": 0.0846215344992658,
    "accuracy": 0.8834114763537916
  }
}