{
  "trainedAt": "2026-06-06T07:43:16.771Z",
  "sampleSize": 16000270,
  "version": "training-v2",
  "trainSampleSize": 12777050,
  "testSampleSize": 3223220,
  "testMetrics": {
    "sampleSize": 3223220,
    "bucketsEvaluated": 17,
    "logLoss": 0.21407395850163005,
    "baselineLogLoss": 0.26424730742728036,
    "brier": 0.05901265958196482,
    "accuracy": 0.9219286924255868
  }
}