{
  "trainedAt": "2026-06-15T00:25:31.934Z",
  "sampleSize": 16003361,
  "version": "training-v2",
  "trainSampleSize": 12778579,
  "testSampleSize": 3224782,
  "testMetrics": {
    "sampleSize": 3224782,
    "bucketsEvaluated": 17,
    "logLoss": 0.21511809190814174,
    "baselineLogLoss": 0.26411227551863764,
    "brier": 0.059383226421760665,
    "accuracy": 0.9213602655931471
  }
}