{
  "buckets": {
    "Kills|standard": {
      "x": [
        0.050000000000005165,
        0.12233726140392902,
        0.30501447182063557,
        0.4291474355329259,
        0.5929806028272291,
        0.7194173821813542,
        0.7769571038547995,
        0.8296766331311674,
        0.9074606313313534,
        0.9499999999998964
      ],
      "y": [
        0.05,
        0.3100725565514298,
        0.3190512624330528,
        0.352236925015753,
        0.543724279835391,
        0.5997409326424871,
        0.6624636275460718,
        0.6681922196796338,
        0.7495711835334476,
        0.95
      ],
      "sampleSize": 26102
    },
    "Deaths|standard": {
      "x": [
        0.05000000000000519,
        0.13082549486023667,
        0.31315100614482916,
        0.42820161089180625,
        0.5565973349079941,
        0.6544615467985059,
        0.7102021224903701,
        0.7464691014997078,
        0.7744161769837932,
        0.806356681696624,
        0.899862730725378,
        0.9499999999998985
      ],
      "y": [
        0.05,
        0.3137135922330097,
        0.34165834165834164,
        0.3648148148148148,
        0.5733445096395641,
        0.5855962219598583,
        0.619277108433735,
        0.6326194398682042,
        0.6639566395663956,
        0.6912751677852349,
        0.7024417944349801,
        0.95
      ],
      "sampleSize": 26102
    },
    "Assists|standard": {
      "x": [
        0.050000000000005,
        0.11328360715670976,
        0.28655631525852365,
        0.35123470625734504,
        0.4334286176611284,
        0.5463880518381725,
        0.6481323018709466,
        0.7180976703112585,
        0.7537846715962715,
        0.7848741867545675,
        0.7895106488199777,
        0.7929064903627301,
        0.8079640244513547,
        0.9020942335415526,
        0.9499999999998987
      ],
      "y": [
        0.05,
        0.34612868047982553,
        0.3610294117647059,
        0.3626760563380282,
        0.41030927835051545,
        0.5681381957773513,
        0.5858041329739443,
        0.6089108910891089,
        0.6519823788546255,
        0.6631578947368421,
        0.6666666666666666,
        0.6896551724137931,
        0.7081081081081081,
        0.7203365245140702,
        0.95
      ],
      "sampleSize": 26102
    },
    "CS|standard": {
      "x": [
        0.050000000000005054,
        0.11332498786480093,
        0.2135388598314856,
        0.2629208832735444,
        0.3255310905925196,
        0.346350227680986,
        0.44177127655628534,
        0.581692487152962,
        0.6569308322273433,
        0.7067360815026292,
        0.7255728167109611,
        0.7624463704468236,
        0.7901941753269078,
        0.8328262884625433,
        0.8390601468342849,
        0.9045548944064702,
        0.9499999999998998
      ],
      "y": [
        0.05,
        0.25980066445182726,
        0.2608695652173913,
        0.2692307692307692,
        0.3427041499330656,
        0.3469387755102041,
        0.36619718309859156,
        0.5699450213805742,
        0.6197183098591549,
        0.6342592592592593,
        0.6484210526315789,
        0.6693877551020408,
        0.7295373665480427,
        0.75,
        0.7567567567567568,
        0.7721187427240978,
        0.95
      ],
      "sampleSize": 26102
    },
    "Kills+Assists|standard": {
      "x": [
        0.050000000000004985,
        0.11245561487125143,
        0.22277530721462824,
        0.265441703851788,
        0.28788201695020493,
        0.29543480282454826,
        0.3396077863208046,
        0.43738639488327,
        0.5631503739523999,
        0.6664629515141726,
        0.7215956185459235,
        0.7759380826253373,
        0.9023043107304831,
        0.9499999999999005
      ],
      "y": [
        0.05,
        0.33515522518583296,
        0.3448275862068966,
        0.3553826199740597,
        0.3645833333333333,
        0.36585365853658536,
        0.3835800807537012,
        0.41471801925722146,
        0.5920245398773006,
        0.6226203807390818,
        0.6240208877284595,
        0.6859083191850595,
        0.7118131868131868,
        0.95
      ],
      "sampleSize": 26102
    }
  }
}