{
  "buckets": {
    "Kills|standard": {
      "x": [
        0.04999999999977398,
        0.12154521311025385,
        0.25564508809272124,
        0.28315375093533407,
        0.3029472656058825,
        0.33594096315577976,
        0.3658095572017109,
        0.4361287466690956,
        0.5533914510202517,
        0.6114347032563037,
        0.6288626477810606,
        0.6484328170732416,
        0.6745946520062936,
        0.7119463527932646,
        0.7389015707025227,
        0.7532133308638858,
        0.7667992362891065,
        0.78085800250954,
        0.7905348196387298,
        0.79991543461333,
        0.8120454858965859,
        0.8299210090863722,
        0.8490011874780896,
        0.8661874399104668,
        0.8750895812994595,
        0.8829179913604023,
        0.9243439925091984,
        0.9500000000051426
      ],
      "y": [
        0.05,
        0.21323454883316842,
        0.22939362795477902,
        0.24085135997216262,
        0.2596355426544106,
        0.2735783519137252,
        0.2883435582822086,
        0.31948784722222223,
        0.4732658824409493,
        0.49047282992237123,
        0.4978106185002737,
        0.5276585204755614,
        0.5340844429270514,
        0.5887758303823569,
        0.6015663240332844,
        0.6118236228166606,
        0.6471602808919552,
        0.6474487016524424,
        0.6675025075225677,
        0.673910915320607,
        0.6756383712905452,
        0.6983131042995269,
        0.7752263482482614,
        0.7972725887551425,
        0.8042328042328042,
        0.8154724159797083,
        0.8568697314678022,
        0.95
      ],
      "sampleSize": 1263095
    },
    "Deaths|standard": {
      "x": [
        0.04999999999976575,
        0.11123596757083312,
        0.22482373265359495,
        0.2533005721978102,
        0.29069569523681804,
        0.3172196969756106,
        0.3448246092197736,
        0.4291861747316475,
        0.5513174116602577,
        0.6121129428232123,
        0.6278309285627447,
        0.6552463845677987,
        0.6828581745448689,
        0.7092384113767044,
        0.7468230387016048,
        0.7751191276954943,
        0.7968851402776548,
        0.8037015860456563,
        0.8122520762601825,
        0.8282345935409409,
        0.8499023053396774,
        0.9117107255289437,
        0.9500000000051023
      ],
      "y": [
        0.05,
        0.21620680891501565,
        0.22116865614170197,
        0.2660948207542772,
        0.2853614728334082,
        0.3058211709444724,
        0.3070806986790208,
        0.36870907327958347,
        0.5204546339184929,
        0.5358604091456077,
        0.5510362493208104,
        0.5884668249406473,
        0.5910870470637235,
        0.6223154665222884,
        0.6621147813249677,
        0.7011673151750972,
        0.7191607101683191,
        0.7303519449589838,
        0.7304198627371821,
        0.750495452004675,
        0.7743855309939712,
        0.7916938811272363,
        0.95
      ],
      "sampleSize": 1263095
    },
    "Assists|standard": {
      "x": [
        0.04999999999977796,
        0.09903454996883113,
        0.208062427433581,
        0.22961915357530044,
        0.2324114213842262,
        0.2692868377445028,
        0.2892087372734075,
        0.29257095873288047,
        0.3385560504333832,
        0.39718132344676926,
        0.45986786104511546,
        0.5486899501984162,
        0.5931377260280571,
        0.5999601901116443,
        0.626385373507782,
        0.6454948924804004,
        0.6541653491794905,
        0.6599289216769259,
        0.6683720822084944,
        0.6775695832802857,
        0.6966657557976105,
        0.7118412865710727,
        0.7240292539491221,
        0.739757962258045,
        0.7675123072374787,
        0.772698622031365,
        0.777272912572961,
        0.7816246854776806,
        0.7839769155060584,
        0.7870868889920447,
        0.790811883934211,
        0.8022289271976948,
        0.8240007761937638,
        0.8270700096791147,
        0.8290713617940704,
        0.8312137453457156,
        0.8371512335975411,
        0.8503769401103946,
        0.8711880960388371,
        0.8732411370696574,
        0.875375306622688,
        0.918905714229858,
        0.9500000000050011
      ],
      "y": [
        0.05,
        0.20649113009588765,
        0.21796239837398373,
        0.23681125439624853,
        0.25944907110826393,
        0.2643118829879464,
        0.265625,
        0.2864864864864865,
        0.3107928499742317,
        0.36840222575516696,
        0.3698614398308785,
        0.5044539553171011,
        0.5085,
        0.5164252193429912,
        0.5330929693535926,
        0.5576701268742791,
        0.5691685062545989,
        0.5715788089917182,
        0.5745075649443334,
        0.5840379459682409,
        0.5885961746661855,
        0.6052582855026847,
        0.635482180293501,
        0.6497507122507122,
        0.6808569074430102,
        0.6821793416572077,
        0.6874824586023014,
        0.691125433812593,
        0.6951294697903823,
        0.6983060747663551,
        0.7058234940964578,
        0.7126188418323249,
        0.724290780141844,
        0.7453365774533658,
        0.7574626865671642,
        0.7610245576973858,
        0.7612295226351946,
        0.7757174804323519,
        0.7842720510095643,
        0.7936932121859968,
        0.8076634109691961,
        0.8277460033076075,
        0.95
      ],
      "sampleSize": 1263095
    },
    "CS|standard": {
      "x": [
        0.0499999999997859,
        0.09689052707328014,
        0.16196272219180072,
        0.20997113958555,
        0.21300489442583545,
        0.21332119344317368,
        0.21596099071561867,
        0.27257245013247355,
        0.27570025079324734,
        0.27578002893116593,
        0.2758866383234358,
        0.2760412738820816,
        0.2761651094306392,
        0.2762681543670376,
        0.2787819223711452,
        0.3424313425378726,
        0.34636091336946867,
        0.3464472417700033,
        0.34881596132552456,
        0.35490618798346507,
        0.356578392207189,
        0.4190512898442179,
        0.422362124922531,
        0.4225837052262314,
        0.4226635861549308,
        0.4820593661713519,
        0.5513046118214585,
        0.5812239596823239,
        0.5813277277813086,
        0.5815047499943421,
        0.5854783854346854,
        0.6116499056055134,
        0.6389638274555239,
        0.6528270199606858,
        0.654950106253669,
        0.6552321625980749,
        0.655911743239939,
        0.6564701121982731,
        0.6566985786643934,
        0.6595846278281298,
        0.7038149263016985,
        0.7165538820431936,
        0.7229261307673048,
        0.72445016172036,
        0.7278649671684397,
        0.7792536044646442,
        0.7796637024449901,
        0.7850347408137767,
        0.7869564191077585,
        0.7873667239628191,
        0.7877916295024975,
        0.7905682872307326,
        0.833209442130062,
        0.8383384822017351,
        0.8401228231055352,
        0.8403678842524853,
        0.8434068130918799,
        0.8800857525016186,
        0.880263975002002,
        0.883023397321224,
        0.9201739802380805,
        0.9500000000048349
      ],