{
  "buckets": {
    "Kills|standard": {
      "x": [
        0.5111405853328238,
        0.71616801581833
      ],
      "y": [
        0.05,
        0.95
      ],
      "sampleSize": 10
    },
    "Deaths|standard": {
      "x": [
        0.3144317369885546,
        0.651193461701344
      ],
      "y": [
        0.05,
        0.95
      ],
      "sampleSize": 10
    },
    "Assists|standard": {
      "x": [
        0.30252726818302156,
        0.6483966954856153
      ],
      "y": [
        0.05,
        0.95
      ],
      "sampleSize": 10
    },
    "CS|standard": {
      "x": [
        0.38688284993428185,
        0.6498066101007482
      ],
      "y": [
        0.05,
        0.95
      ],
      "sampleSize": 10
    },
    "Kills+Assists|standard": {
      "x": [
        0.2980538749816998,
        0.6468775069393422
      ],
      "y": [
        0.05,
        0.95
      ],
      "sampleSize": 10
    },
    "MAPS 1-2 Kills|goblin": {
      "x": [
        0.59
      ],
      "y": [
        0.05
      ],
      "sampleSize": 25
    }
  }
}