{
  "buckets": {
    "Kills|standard": {
      "x": [
        0.05000000000000622,
        0.16247943939951542,
        0.43084852707641325,
        0.5580549474195745,
        0.6534825947094789,
        0.7225382174250065,
        0.7526304399908472,
        0.789401119288543,
        0.8300289850401594,
        0.9087202594759843,
        0.9500000000000612
      ],
      "y": [
        0.05,
        0.28188159542121266,
        0.3202511773940345,
        0.5076775431861804,
        0.5128849780012571,
        0.5479651162790697,
        0.6054545454545455,
        0.6282234957020058,
        0.6331360946745562,
        0.6992629875966205,
        0.95
      ],
      "sampleSize": 49445
    },
    "Deaths|standard": {
      "x": [
        0.050000000000006734,
        0.13033313890643186,
        0.2891198622396923,
        0.40366416366958024,
        0.5720740794821058,
        0.6860890111763741,
        0.7467687440613479,
        0.8042281607325127,
        0.9093294484446026,
        0.9500000000000558
      ],
      "y": [
        0.05,
        0.32334435320464966,
        0.34560570071258906,
        0.39147286821705424,
        0.5987147447340235,
        0.622279792746114,
        0.6666666666666666,
        0.7226345083487941,
        0.7283277650782486,
        0.95
      ],
      "sampleSize": 49445
    },
    "Assists|standard": {
      "x": [
        0.050000000000007316,
        0.11538582057154813,
        0.2675446873327322,
        0.33551858253507294,
        0.43540792877180245,
        0.5587844420918557,
        0.6548690882087193,
        0.698512537795396,
        0.7110626644883058,
        0.7241676944526559,
        0.7357234032347639,
        0.7518932019840823,
        0.7736594315641057,
        0.7986694555656713,
        0.9021650569979138,
        0.9500000000000334
      ],
      "y": [
        0.05,
        0.30214652356509564,
        0.3087783916513198,
        0.3175723359209598,
        0.36229852838121934,
        0.5430958663148637,
        0.545281823939202,
        0.574468085106383,
        0.6,
        0.6009174311926605,
        0.6258205689277899,
        0.6285714285714286,
        0.6526717557251909,
        0.6700460829493088,
        0.698640152069016,
        0.95
      ],
      "sampleSize": 49445
    },
    "CS|standard": {
      "x": [
        0.05000000000000802,
        0.11374402862112325,
        0.26169887438458495,
        0.2753980051316776,
        0.27615605521141345,
        0.2780924133077757,
        0.3406712200241828,
        0.4323920110214544,
        0.5593432014292928,
        0.6545429310267232,
        0.6572801416658578,
        0.6876042689006306,
        0.7238461145338821,
        0.7358772359617073,
        0.7869528940565081,
        0.788045509099374,
        0.7887098899712432,
        0.7896808645391135,
        0.7905866939664143,
        0.8135988612351213,
        0.9027521843508521,
        0.950000000000036
      ],
      "y": [
        0.05,
        0.2944827586206897,
        0.31887755102040816,
        0.3221884498480243,
        0.34615384615384615,
        0.35135135135135137,
        0.3635593220338983,
        0.4001356391997287,
        0.5851019558884727,
        0.6038306451612904,
        0.6183431952662722,
        0.6363636363636364,
        0.6559766763848397,
        0.6696969696969697,
        0.6886792452830188,
        0.7210144927536232,
        0.7222222222222222,
        0.7403846153846154,
        0.75,
        0.7542087542087542,
        0.7787676317743133,
        0.95
      ],
      "sampleSize": 49445
    },
    "Kills+Assists|standard": {
      "x": [
        0.050000000000007226,
        0.11591828386359285,
        0.2662952941108678,
        0.2895532099430212,
        0.33990401246892066,
        0.4397497321736473,
        0.576903002567283,
        0.6640374880590015,
        0.7117400173565537,
        0.7276881687697171,
        0.7346696149879085,
        0.77154624515462,
        0.8052275712067645,
        0.9045132416677518,
        0.950000000000022
      ],
      "y": [
        0.05,
        0.2869595536959554,
        0.3148014440433213,
        0.3204225352112676,
        0.3372093023255814,
        0.38767982294356323,
        0.5529653753856703,
        0.5800214822771214,
        0.5868544600938967,
        0.6208609271523179,
        0.625,
        0.6552494415487714,
        0.683377308707124,
        0.6935320503545073,
        0.95
      ],
      "sampleSize": 49445
    }
  }
}