{
  "trainedAt": "2026-06-05T23:18:26.920Z",
  "sampleSize": 198555,
  "version": "training-v2",
  "trainSampleSize": 130510,
  "testSampleSize": 68045,
  "testMetrics": {
    "sampleSize": 68045,
    "bucketsEvaluated": 5,
    "logLoss": 0.3910280874973841,
    "baselineLogLoss": 0.3934816520117963,
    "brier": 0.1227814298451648,
    "accuracy": 0.8288779484164891
  }
}