{
  "trainedAt": "2026-06-03T23:49:26.901Z",
  "sampleSize": 8085110,
  "version": "training-v2",
  "trainSampleSize": 6315475,
  "testSampleSize": 1769635,
  "testMetrics": {
    "sampleSize": 1769635,
    "bucketsEvaluated": 5,
    "logLoss": 0.32361601934855033,
    "baselineLogLoss": 0.3255511239289338,
    "brier": 0.09896179401321113,
    "accuracy": 0.8613657618661476
  }
}