{
  "trainedAt": "2026-06-12T08:46:47.037Z",
  "sampleSize": 354330,
  "version": "training-v2",
  "trainSampleSize": 247225,
  "testSampleSize": 107105,
  "testMetrics": {
    "sampleSize": 107105,
    "bucketsEvaluated": 5,
    "logLoss": 0.3749193582200633,
    "baselineLogLoss": 0.38199192328479037,
    "brier": 0.11653493341148445,
    "accuracy": 0.8374118855328883
  }
}