{
  "buckets": {
    "Saves|standard": {
      "x": [
        0.04999999999997543,
        0.11049905236214616,
        0.2480161631310578,
        0.2849256507679149,
        0.29470739586850714,
        0.30506091240691313,
        0.4474756795828747,
        0.5335199668812325,
        0.6585577370740845,
        0.6847804370608879,
        0.7049006206893222,
        0.7240683678890051,
        0.7310890054188289,
        0.7367374601782166,
        0.7424103534646462,
        0.751432010137024,
        0.7645620916586545,
        0.7782855425307841,
        0.8221546910681913,
        0.8804745556113369,
        0.9500000000004604
      ],
      "y": [
        0.05,
        0.27808704453441296,
        0.3128523111612176,
        0.3130016051364366,
        0.3310344827586207,
        0.3373493975903614,
        0.3737726743218506,
        0.5466582597730139,
        0.631578947368421,
        0.6363636363636364,
        0.6890217855617258,
        0.7060964513193813,
        0.7111913357400722,
        0.717948717948718,
        0.7355072463768116,
        0.7393244104525175,
        0.7648221343873518,
        0.782608695652174,
        0.7904761904761904,
        0.8910826237484795,
        0.95
      ],
      "sampleSize": 103235
    },
    "Goalie Saves|standard": {
      "x": [
        0.04999999999997543,
        0.11049905236214616,
        0.2480161631310578,
        0.2849256507679149,
        0.29470739586850714,
        0.30506091240691313,
        0.4474756795828747,
        0.5335199668812325,
        0.6585577370740845,
        0.6847804370608879,
        0.7049006206893222,
        0.7240683678890051,
        0.7310890054188289,
        0.7367374601782166,
        0.7424103534646462,
        0.751432010137024,
        0.7645620916586545,
        0.7782855425307841,
        0.8221546910681913,
        0.8804745556113369,
        0.9500000000004604
      ],
      "y": [
        0.05,
        0.27808704453441296,
        0.3128523111612176,
        0.3130016051364366,
        0.3310344827586207,
        0.3373493975903614,
        0.3737726743218506,
        0.5466582597730139,
        0.631578947368421,
        0.6363636363636364,
        0.6890217855617258,
        0.7060964513193813,
        0.7111913357400722,
        0.717948717948718,
        0.7355072463768116,
        0.7393244104525175,
        0.7648221343873518,
        0.782608695652174,
        0.7904761904761904,
        0.8910826237484795,
        0.95
      ],
      "sampleSize": 103235
    },
    "Goals Allowed|standard": {
      "x": [
        0.04999999999997587,
        0.10004530477254868,
        0.22687071919913704,
        0.2902809249095205,
        0.3209914184865067,
        0.33809514579133326,
        0.3432342042082066,
        0.4402083241831771,
        0.5349213718467515,
        0.592680409995515,
        0.6556497885480935,
        0.6822010472664042,
        0.7052817191214329,
        0.724100140922249,
        0.7387600001718815,
        0.7845053796286577,
        0.8536791422686367,
        0.8719636322675695,
        0.8826724099032626,
        0.9200685467936338,
        0.9500000000004459
      ],
      "y": [
        0.05,
        0.18080198722498225,
        0.20161438268207668,
        0.2315202231520223,
        0.2679580306698951,
        0.29850746268656714,
        0.323943661971831,
        0.3268309377138946,
        0.4647800676714857,
        0.4913722267871816,
        0.5289359054138145,
        0.5311890838206628,
        0.6,
        0.6378600823045267,
        0.6581045172719221,
        0.6586826347305389,
        0.7450020399836801,
        0.7559153175591532,
        0.7829872739450771,
        0.8055932203389831,
        0.95
      ],
      "sampleSize": 103235
    },
    "Goals|standard": {
      "x": [
        0.049999999999571526,
        0.1403874836364498,
        0.3107939027557435,
        0.5432108953397335,
        0.5807349268781732,
        0.5943511658212546,
        0.6068635605504233,
        0.622947770432168,
        0.6442269786995822,
        0.6734697388917241,
        0.7180742350309686,
        0.7681393869477913,
        0.814997022652014,
        0.8623738898639789,
        0.9500000000075501
      ],
      "y": [
        0.05,
        0.05,
        0.08153235380471552,
        0.09046779828711005,
        0.09582855504587157,
        0.10435212660731949,
        0.12550928021729288,
        0.13161355589276683,
        0.1602050326188257,
        0.2098119378577269,
        0.2495721995524549,
        0.3018475149622691,
        0.3290203327171904,
        0.95,
        0.95
      ],
      "sampleSize": 1766061
    },
    "Assists|standard": {
      "x": [
        0.049999999999568556,
        0.14356525650669003,
        0.30352297094333136,
        0.5438976960904356,
        0.5765269805593032,
        0.5845020052655292,
        0.5943092323704624,
        0.6067416623231273,
        0.6228262768489786,
        0.6440186201542641,
        0.6727889292219279,
        0.7185258968795324,
        0.7878099736435208,
        0.8605411288746365,
        0.9500000000075745
      ],
      "y": [
        0.05,
        0.05,
        0.07352972555446022,
        0.08856808427623879,
        0.08941858998612688,
        0.09521634889827606,
        0.10288659793814434,
        0.1033443515457904,
        0.11606535057862491,
        0.1333510074231177,
        0.17479025169796245,
        0.1979772439949431,
        0.2479903536977492,
        0.95,
        0.95
      ],
      "sampleSize": 1766061
    },
    "Fouls Committed|standard": {
      "x": [
        0.04999999999959505,
        0.1046285869334155,
        0.2165229418450718,
        0.29272943596659,
        0.4139119728209052,
        0.5784470538308958,
        0.6738254014032199,
        0.720448667497166,
        0.7676151510711116,
        0.8018135809146791,
        0.8312729393109027,
        0.8558679894771157,
        0.8998411067310517,
        0.9282645370451105,
        0.95000000000737
      ],
      "y": [
        0.05,
        0.13567573183462048,
        0.1827052274617698,
        0.18289568962231792,
        0.22516153609470924,
        0.3723986007793128,
        0.3894010000340148,
        0.43814875879525345,
        0.4683802774608132,
        0.47732626619552415,
        0.4854557207498384,
        0.9007754691292251,
        0.9310440577563865,
        0.95,
        0.95
      ],
      "sampleSize": 1765896
    },
    "Fouls|standard": {
      "x": [
        0.04999999999959505,
        0.1046285869334155,
        0.2165229418450718,
        0.29272943596659,
        0.4139119728209052,
        0.5784470538308958,
        0.6738254014032199,
        0.720448667497166,
        0.7676151510711116,
        0.8018135809146791,
        0.8312729393109027,
        0.8558679894771157,
        0.8998411067310517,
        0.9282645370451105,
        0.95000000000737
      ],
      "y": [
        0.05,
        0.13567573183462048,
        0.1827052274617698,
        0.18289568962231792,
        0.22516153609470924,
        0.3723986007793128,
        0.3894010000340148,
        0.43814875879525345,
        0.4683802774608132,
        0.47732626619552415,
        0.4854557207498384,
        0.9007754691292251,
        0.9310440577563865,
        0.95,
        0.95
      ],
      "sampleSize": 1765896
    },
    "Fouls Suffered|standard": {
      "x": [
        0.04999999999959374,
        0.10549842515342457,
        0.20764714969558842,
        0.2634982759187948,
        0.2922948593671279,
        0.4159826241057778,
        0.5792662972918508,
        0.6738456176841944,
        0.7051381779769677,
        0.7333324138634894,
        0.753767744774861,
        0.7946654443654201,
        0.8553282263356107,
        0.8997758792023253,
        0.9275443782014918,
        0.9500000000073624
      ],