{
  "buckets": {
    "Saves|standard": {
      "x": [
        0.049999999999975495,
        0.11064865367791284,
        0.2516968621279682,
        0.29000488966007837,
        0.3001292033611859,
        0.4481355582409343,
        0.533315411967017,
        0.6584191496119542,
        0.6776412188234586,
        0.6821431422688785,
        0.687719938237908,
        0.7050090084290545,
        0.7234356258946009,
        0.7293406888027495,
        0.737072881530307,
        0.7517694009935143,
        0.7801279430664534,
        0.8801864366419879,
        0.9500000000004596
      ],
      "y": [
        0.05,
        0.27752409944190765,
        0.3156100886162236,
        0.3162393162393162,
        0.31868852459016395,
        0.3748120928678804,
        0.5507737969048124,
        0.625,
        0.6337209302325582,
        0.6440677966101694,
        0.6456521739130435,
        0.6860662701784197,
        0.7052313883299799,
        0.7156862745098039,
        0.7254901960784313,
        0.73694646397885,
        0.7711771177117712,
        0.8914430474760743,
        0.95
      ],
      "sampleSize": 102883
    },
    "Goalie Saves|standard": {
      "x": [
        0.049999999999975495,
        0.11064865367791284,
        0.2516968621279682,
        0.29000488966007837,
        0.3001292033611859,
        0.4481355582409343,
        0.533315411967017,
        0.6584191496119542,
        0.6776412188234586,
        0.6821431422688785,
        0.687719938237908,
        0.7050090084290545,
        0.7234356258946009,
        0.7293406888027495,
        0.737072881530307,
        0.7517694009935143,
        0.7801279430664534,
        0.8801864366419879,
        0.9500000000004596
      ],
      "y": [
        0.05,
        0.27752409944190765,
        0.3156100886162236,
        0.3162393162393162,
        0.31868852459016395,
        0.3748120928678804,
        0.5507737969048124,
        0.625,
        0.6337209302325582,
        0.6440677966101694,
        0.6456521739130435,
        0.6860662701784197,
        0.7052313883299799,
        0.7156862745098039,
        0.7254901960784313,
        0.73694646397885,
        0.7711771177117712,
        0.8914430474760743,
        0.95
      ],
      "sampleSize": 102883
    },
    "Goals Allowed|standard": {
      "x": [
        0.04999999999997588,
        0.10031910324814791,
        0.22706996360514198,
        0.29037578492995425,
        0.3171901704477184,
        0.33060000754040775,
        0.338112731807719,
        0.4386018501819444,
        0.5351892110498051,
        0.5923024807315541,
        0.6556920567951436,
        0.682418420612951,
        0.7051185478895889,
        0.7240817305768523,
        0.7387769248469381,
        0.7844701228671646,
        0.8537688354938708,
        0.8718878645409972,
        0.8827281201334849,
        0.92044277610641,
        0.9500000000004445
      ],
      "y": [
        0.05,
        0.18037776385283322,
        0.20152161811096678,
        0.23041044776119404,
        0.265658747300216,
        0.2694610778443114,
        0.28205128205128205,
        0.3240771533089458,
        0.4653990024937656,
        0.4861693210393965,
        0.5270440251572327,
        0.5427698574338086,
        0.6044880785413744,
        0.6291834002677377,
        0.6543985637342908,
        0.6568284142071036,
        0.744270205066345,
        0.7573435504469987,
        0.7865243495663776,
        0.8100577641862046,
        0.95
      ],
      "sampleSize": 102883
    },
    "Goals|standard": {
      "x": [
        0.04999999999957137,
        0.1404464878194747,
        0.31051676583992094,
        0.5404883392436999,
        0.5698933518265484,
        0.5807056310412354,
        0.5943192958911628,
        0.6068310761580563,
        0.6228720229847141,
        0.6442217685889042,
        0.6735892926243117,
        0.7179809298777673,
        0.7682088024842081,
        0.8152617276989288,
        0.8623666550436897,
        0.9500000000075514
      ],
      "y": [
        0.05,
        0.05,
        0.08165416857963917,
        0.09012099499797215,
        0.09025506867233486,
        0.09572524662038728,
        0.10813138147373601,
        0.12551206190259445,
        0.13213637280613275,
        0.16176884799549338,
        0.21048239025204474,
        0.2500970873786408,
        0.3004425930747201,
        0.3300257258360897,
        0.95,
        0.95
      ],
      "sampleSize": 1766501
    },
    "Assists|standard": {
      "x": [
        0.049999999999567966,
        0.14477658228682036,
        0.3039985911724084,
        0.5436815608891552,
        0.5765063931527844,
        0.5845035423720775,
        0.5942968971041828,
        0.6067596787709734,
        0.6230439317597379,
        0.6440040393626273,
        0.6726090066074567,
        0.7177786049147015,
        0.7692303621582918,
        0.8220390366719186,
        0.8596011125113021,
        0.9500000000075868
      ],
      "y": [
        0.05,
        0.05,
        0.07087584215591915,
        0.08598603864253522,
        0.0906906147229952,
        0.09561984431276868,
        0.09996761308431394,
        0.10235580828594638,
        0.11566551031586635,
        0.13245033112582782,
        0.17287761852260197,
        0.19782971619365608,
        0.23204419889502761,
        0.25331724969843183,
        0.95,
        0.95
      ],
      "sampleSize": 1766501
    },
    "Fouls Committed|standard": {
      "x": [
        0.049999999999594945,
        0.10460382986266546,
        0.21652323970869636,
        0.29271665146411563,
        0.4141511389044161,
        0.5786197724202542,
        0.6737408921654081,
        0.7204478035765379,
        0.7537675461959986,
        0.7740655667435677,
        0.8016482463192892,
        0.8313176074395643,
        0.8558645313931487,
        0.8920158014571273,
        0.9018557884718722,
        0.928293112175066,
        0.9500000000073718
      ],
      "y": [
        0.05,
        0.13579751699821227,
        0.18269404021240288,
        0.18456785414600657,
        0.2257071443754627,
        0.3712179813026278,
        0.3898826829018025,
        0.43905100169463984,
        0.46933156095708317,
        0.4696522237404681,
        0.4772566162570889,
        0.4843052964555114,
        0.900845703471524,
        0.9301798398065588,
        0.9312471096038231,
        0.95,
        0.95
      ],
      "sampleSize": 1766501
    },
    "Fouls|standard": {
      "x": [
        0.049999999999594986,
        0.10460502348198714,
        0.21652251359814062,
        0.2927151140431949,
        0.41415808086179706,
        0.5786125151435367,
        0.6737398854041623,
        0.7204483405365816,
        0.7537675461959986,
        0.7740655667435677,
        0.8016482463192892,
        0.8313176074395643,
        0.8558638125739183,
        0.8920148032556939,
        0.9018576373671677,
        0.9282936511507787,
        0.9500000000073713
      ],
      "y": [
        0.05,
        0.13578461477504605,
        0.18269220576855807,
        0.18455786984054323,
        0.22571753234852096,
        0.3712312113174182,
        0.3899743370402053,
        0.4390815805358221,
        0.46933156095708317,
        0.4696522237404681,
        0.4772566162570889,
        0.4843052964555114,
        0.9008433578179151,
        0.9301481705473239,
        0.9312152991980259,
        0.95,
        0.95
      ],
      "sampleSize": 1766270
    },