{
  "buckets": {
    "Saves|standard": {
      "x": [
        0.04999999999997706,
        0.11079218638588748,
        0.25256032825880576,
        0.2922561019225728,
        0.29830767186161233,
        0.30480330691961355,
        0.4484542385428319,
        0.5329730464635093,
        0.6666096357526403,
        0.6870951734941239,
        0.705004475709766,
        0.723439745730591,
        0.7348061110448899,
        0.7427365567311329,
        0.7518091317881913,
        0.780059218478704,
        0.8804196830059899,
        0.9500000000004386
      ],
      "y": [
        0.05,
        0.2711189329381252,
        0.3084677419354839,
        0.3152909336941813,
        0.31592689295039167,
        0.3195718654434251,
        0.3790706183680937,
        0.5428377153218495,
        0.6221590909090909,
        0.6516393442622951,
        0.6844444444444444,
        0.7024442082890542,
        0.7246753246753247,
        0.7253731343283583,
        0.738450604122246,
        0.7610294117647058,
        0.893010862881738,
        0.95
      ],
      "sampleSize": 95249
    },
    "Goalie Saves|standard": {
      "x": [
        0.04999999999997706,
        0.11079218638588748,
        0.25256032825880576,
        0.2922561019225728,
        0.29830767186161233,
        0.30480330691961355,
        0.4484542385428319,
        0.5329730464635093,
        0.6666096357526403,
        0.6870951734941239,
        0.705004475709766,
        0.723439745730591,
        0.7348061110448899,
        0.7427365567311329,
        0.7518091317881913,
        0.780059218478704,
        0.8804196830059899,
        0.9500000000004386
      ],
      "y": [
        0.05,
        0.2711189329381252,
        0.3084677419354839,
        0.3152909336941813,
        0.31592689295039167,
        0.3195718654434251,
        0.3790706183680937,
        0.5428377153218495,
        0.6221590909090909,
        0.6516393442622951,
        0.6844444444444444,
        0.7024442082890542,
        0.7246753246753247,
        0.7253731343283583,
        0.738450604122246,
        0.7610294117647058,
        0.893010862881738,
        0.95
      ],
      "sampleSize": 95249
    },
    "Goals Allowed|standard": {
      "x": [
        0.04999999999997753,
        0.10069283527662432,
        0.2279808656175638,
        0.27615231656863354,
        0.29630270671733805,
        0.3137688201739454,
        0.3256974124029887,
        0.33276795034841494,
        0.338159058058377,
        0.43939532831248557,
        0.5354604683219936,
        0.5817622259115743,
        0.616293891406087,
        0.6559409421537896,
        0.682341418238895,
        0.7051324915075922,
        0.7240732766331951,
        0.738729314927289,
        0.783903039835046,
        0.8539257676848174,
        0.8719022957136692,
        0.8827062341792384,
        0.8991437369982072,
        0.9314965826560182,
        0.950000000000422
      ],
      "y": [
        0.05,
        0.1810077519379845,
        0.20020242914979758,
        0.23283082077051925,
        0.23693629205440228,
        0.2618629173989455,
        0.2631578947368421,
        0.27692307692307694,
        0.28076923076923077,
        0.3318214804063861,
        0.46176664469347395,
        0.479328165374677,
        0.48314606741573035,
        0.533288948069241,
        0.5483870967741935,
        0.6023916292974589,
        0.6324167872648335,
        0.6532567049808429,
        0.6608122941822173,
        0.7400598546387345,
        0.7527322404371585,
        0.7859649122807018,
        0.8119891008174387,
        0.8125354509359047,
        0.95
      ],
      "sampleSize": 95249
    },
    "Goals|standard": {
      "x": [
        0.04999999999959825,
        0.13986007295776284,
        0.30602899946390966,
        0.5403834919536581,
        0.5698643117489133,
        0.5806854412827882,
        0.5942614389520923,
        0.6067608549576086,
        0.6227215358057318,
        0.6440756520460226,
        0.6734895354491611,
        0.7036276918688625,
        0.7330157165516521,
        0.7681782746382825,
        0.814861051690536,
        0.8628550431982716,
        0.9500000000071803
      ],
      "y": [
        0.05,
        0.05,
        0.08171865317083248,
        0.08726919339164237,
        0.09013100436681222,
        0.0960236557466345,
        0.10834744107305638,
        0.12525842150066885,
        0.13475331449684852,
        0.1613748614051003,
        0.21111310915303003,
        0.25138339920948616,
        0.25262211567275994,
        0.3025283347863993,
        0.3417772416566144,
        0.95,
        0.95
      ],
      "sampleSize": 1620729
    },
    "Assists|standard": {
      "x": [
        0.0499999999995944,
        0.1447741464021555,
        0.29973172115930213,
        0.5434253895404638,
        0.5764892420409479,
        0.5844462287319456,
        0.5942150178950789,
        0.6067205271987283,
        0.6229078727263008,
        0.6438129020822072,
        0.6726791841035323,
        0.7172303293112432,
        0.7696174302107549,
        0.8220091614290513,
        0.8596405725424605,
        0.9500000000072247
      ],
      "y": [
        0.05,
        0.05,
        0.06867447033849312,
        0.08198350539931173,
        0.08973832031785176,
        0.09490421935645424,
        0.09817671809256662,
        0.10066815144766147,
        0.113791032826261,
        0.13115098100933795,
        0.17523336878175588,
        0.19095971175892565,
        0.21644295302013422,
        0.2482758620689655,
        0.95,
        0.95
      ],
      "sampleSize": 1620729
    },
    "Shots|standard": {
      "x": [
        0.05000000000007995,
        0.11259958658625789,
        0.3433679274141117,
        0.5788653830370648,
        0.6745821294268227,
        0.75946492098079,
        0.8837471218746673,
        0.9499999999984304
      ],
      "y": [
        0.05,
        0.12871516132762809,
        0.21658708739879592,
        0.376552068384601,
        0.3811374795417349,
        0.4507002957424251,
        0.9045271911792189,
        0.95
      ],
      "sampleSize": 347116
    },
    "Shots on Target|standard": {
      "x": [
        0.05000000000008283,
        0.12573177825393972,
        0.3464028539156469,
        0.5910942076281844,
        0.67364294883295,
        0.7210325510769445,
        0.7950559751834322,
        0.8728622215505719,
        0.9499999999984274
      ],
      "y": [
        0.05,
        0.05087889962219759,
        0.1560840093343705,
        0.24865319865319865,
        0.26297169811320753,
        0.30905861456483125,
        0.3663897542402215,
        0.95,
        0.95
      ],
      "sampleSize": 347116
    },
    "SOT|standard": {
      "x": [
        0.05000000000008283,
        0.12573177825393972,
        0.3464028539156469,
        0.5910942076281844,
        0.67364294883295,
        0.7210325510769445,
        0.7950559751834322,
        0.8728622215505719,
        0.9499999999984274
      ],
      "y": [
        0.05,
        0.05087889962219759,
        0.1560840093343705,
        0.24865319865319865,
        0.26297169811320753,
        0.30905861456483125,
        0.3663897542402215,
        0.95,
        0.95
      ],
      "sampleSize": 347116
    },
    "Fouls Committed|standard": {
      "x": [
        0.049999999999623936,
        0.10392671009361733,
        0.21668173739806731,
        0.29256367883948586,
        0.4132330146022324,
        0.5785372853465743,
        0.6736637807722307,
        0.7204312353515853,
        0.7537849283925385,
        0.7740523676006106,
        0.8016163684620843,
        0.8311616680582327,
        0.8505653057240538,
        0.8816479405197447,
        0.8872294852064155,
        0.8896642518211285,
        0.8905758977156326,
        0.892891061484162,
        0.9018492505549421,
        0.9282272520004222,
        0.9500000000069815
      ],