{
  "trainedAt": "2026-06-12T07:10:07.534Z",
  "sampleSize": 16000039,
  "version": "training-v2",
  "trainSampleSize": 12671307,
  "testSampleSize": 3328732,
  "testMetrics": {
    "sampleSize": 3328732,
    "bucketsEvaluated": 10,
    "logLoss": 0.19534532007615774,
    "baselineLogLoss": 0.24941217881997904,
    "brier": 0.05074128815222096,
    "accuracy": 0.9405770725910046
  }
}