{
  "trainedAt": "2026-06-06T08:38:15.331Z",
  "sampleSize": 16000270,
  "version": "training-v2",
  "trainSampleSize": 12673232,
  "testSampleSize": 3327038,
  "testMetrics": {
    "sampleSize": 3327038,
    "bucketsEvaluated": 10,
    "logLoss": 0.19786952019958512,
    "baselineLogLoss": 0.2492260258562205,
    "brier": 0.0517573166527734,
    "accuracy": 0.9403111716788326
  }
}