{
  "buckets": {
    "Pass Completions|standard": {
      "x": [
        0.04999999999998039,
        0.08082625043369408,
        0.15232757747666484,
        0.161487724261502,
        0.164659235096282,
        0.1662010616554827,
        0.19401512033138213,
        0.20752404547718933,
        0.21046846094794064,
        0.21238831370776914,
        0.21466936990874344,
        0.21600112145134376,
        0.219595723602937,
        0.22889410250121556,
        0.2652168704342544,
        0.2743338203297276,
        0.27895427185220634,
        0.2860216634359659,
        0.3265328982827343,
        0.3341236506477488,
        0.34040402285808086,
        0.3520138298255841,
        0.4013705568025646,
        0.4073751880873304,
        0.40853399658244954,
        0.4128976167481595,
        0.41765581495365717,
        0.4196244725922174,
        0.46109807872789604,
        0.527536381544492,
        0.5896424382432028,
        0.6419940950966491,
        0.6437813135790229,
        0.6464447162008347,
        0.660079068768297,
        0.7106881040965011,
        0.711705066349849,
        0.7279632804964501,
        0.77931119878931,
        0.7822468961270874,
        0.7938212812592722,
        0.8323566559606913,
        0.9017447533144232,
        0.9500000000003757
      ],
      "y": [
        0.05,
        0.16826279476881886,
        0.17286914765906364,
        0.18036286019210246,
        0.1896551724137931,
        0.19117647058823528,
        0.211340206185567,
        0.215748031496063,
        0.2198952879581152,
        0.22608695652173913,
        0.22972972972972974,
        0.23655913978494625,
        0.24179829890643986,
        0.2634730538922156,
        0.2911032028469751,
        0.3005671077504726,
        0.3053571428571429,
        0.31601731601731603,
        0.32727272727272727,
        0.35462555066079293,
        0.3564356435643564,
        0.3811576354679803,
        0.38125,
        0.38636363636363635,
        0.3888888888888889,
        0.42455242966751916,
        0.4354066985645933,
        0.4532710280373832,
        0.4589107315501128,
        0.5696649029982364,
        0.5713749060856499,
        0.625,
        0.6388888888888888,
        0.6423357664233577,
        0.6546497337156902,
        0.6944444444444444,
        0.7083333333333334,
        0.723868446760013,
        0.7638603696098563,
        0.7740585774058577,
        0.7758175559380379,
        0.8017241379310345,
        0.8180061823802164,
        0.95
      ],
      "sampleSize": 96162
    },
    "Pass Attempts|standard": {
      "x": [
        0.049999999999968826,
        0.09303661203956204,
        0.16672061510837763,
        0.19113871163325902,
        0.1993427140265764,
        0.20331923595114623,
        0.2045601703797776,
        0.21037311305506234,
        0.22934694214220197,
        0.25708178335937193,
        0.262380672160597,
        0.26358564756506025,
        0.26776135440729326,
        0.28881882198313774,
        0.3336832932484876,
        0.33477447980734104,
        0.337197996349497,
        0.34072786907006775,
        0.35785870215219884,
        0.39527499337448796,
        0.4024389852912532,
        0.44905997548120485,
        0.5236654309528076,
        0.5700706918585192,
        0.5709979744960619,
        0.5712928802594682,
        0.5923684621007596,
        0.6407737945888248,
        0.6683953705840895,
        0.7169573970630153,
        0.7174398683703888,
        0.736061730104865,
        0.7793050335418034,
        0.7823828909499613,
        0.799869657510561,
        0.8335872108366368,
        0.848024431801366,
        0.8788641892043123,
        0.9192046801467195,
        0.9500000000001542
      ],
      "y": [
        0.05,
        0.16078372719114567,
        0.1698581560283688,
        0.1748971193415638,
        0.17575757575757575,
        0.18548387096774194,
        0.2,
        0.204527402700556,
        0.20758738277919864,
        0.2106430155210643,
        0.21739130434782608,
        0.24528301886792453,
        0.2521834061135371,
        0.25542168674698795,
        0.2826086956521739,
        0.3,
        0.31922398589065254,
        0.3309222423146474,
        0.33241073899806256,
        0.3416666666666667,
        0.3799392097264438,
        0.38283699059561127,
        0.48800436205016356,
        0.4978902953586498,
        0.5,
        0.5098039215686274,
        0.5137965760322256,
        0.5209580838323353,
        0.5832272148444606,
        0.6190476190476191,
        0.64,
        0.6498273668907868,
        0.6784452296819788,
        0.7,
        0.7253536452665941,
        0.75,
        0.7683514913377388,
        0.8085106382978723,
        0.839924788467565,
        0.95
      ],
      "sampleSize": 171864
    },
    "INT|standard": {
      "x": [
        0.04999999999966191,
        0.1473882890061476,
        0.37273063200953155,
        0.5286642967101163,
        0.5597776337100046,
        0.5645173772966467,
        0.5736771576058788,
        0.5846751349835069,
        0.5945535821459291,
        0.6070162259500322,
        0.6232624865248414,
        0.6444209200171657,
        0.6742119382004363,
        0.7035600373766995,
        0.7346578949881247,
        0.7535380654002602,
        0.7811083063533112,
        0.8216726681467039,
        0.8576725438263072,
        0.9500000000061453
      ],
      "y": [
        0.05,
        0.05,
        0.05,
        0.0909999231419568,
        0.09265858873841767,
        0.0958904109589041,
        0.11673493270918665,
        0.12188295165394403,
        0.1353437876960193,
        0.14799905280606204,
        0.18243988528568278,
        0.19329042324946363,
        0.19882071125852221,
        0.2884272997032641,
        0.31400394477317556,
        0.38952380952380955,
        0.4298021697511168,
        0.4913378248315688,
        0.95,
        0.95
      ],
      "sampleSize": 1392210
    },
    "Sacks|standard": {
      "x": [
        0.04999999999967268,
        0.12678473277980842,
        0.18015338935137737,
        0.20781617082828766,
        0.39800947338694953,
        0.533268991062397,
        0.5736673482446351,
        0.5844825659482786,
        0.5943378427628653,
        0.6153777795833331,
        0.6439312356050286,
        0.6746609906095589,
        0.7188575930450254,
        0.759592247549629,
        0.7808122268291575,
        0.7930302481761832,
        0.8010336603614464,
        0.8092370887640814,
        0.8273575278879198,
        0.8724965259321942,
        0.9500000000059119
      ],
      "y": [
        0.05,
        0.05467650645736265,
        0.086811073011625,
        0.09751960992156031,
        0.09994025555205797,
        0.13788336059078418,
        0.14453208271157536,
        0.14803087274886206,
        0.15073529411764705,
        0.2094718864950079,
        0.2576568858427929,
        0.27871772039180764,
        0.3512104283054004,
        0.45545407547820094,
        0.48722245496439043,
        0.5249221183800623,
        0.5522935779816514,
        0.5892857142857143,
        0.6002453987730061,
        0.95,
        0.95
      ],
      "sampleSize": 1391435
    },