{
  "buckets": {
    "Pass Completions|standard": {
      "x": [
        0.04999999999997869,
        0.08004873779084853,
        0.12234927240664877,
        0.1509037910008025,
        0.15788485984066106,
        0.1627760314634749,
        0.16932066983612698,
        0.20420270839532123,
        0.2104561671628099,
        0.21383479455129403,
        0.21636476003516414,
        0.21959341596942952,
        0.22875933379534216,
        0.2653814256588887,
        0.27433592373750426,
        0.2789680418927588,
        0.2937392959369624,
        0.3323948785929926,
        0.33508955458473805,
        0.34038612989954475,
        0.35212212455318115,
        0.4018148218983079,
        0.4067762942146316,
        0.41207067987659923,
        0.41780121343555837,
        0.41929014898307143,
        0.45974144306219183,
        0.5280075479656771,
        0.5871878649114975,
        0.6411593083592214,
        0.6437734338330594,
        0.6461491994033259,
        0.6478332784371658,
        0.6603911058903686,
        0.7110935845975058,
        0.7277713372525342,
        0.7765883763022614,
        0.7769318783085353,
        0.7777402927742285,
        0.7800179197942989,
        0.7923709659619935,
        0.8323298845053204,
        0.8331265081822686,
        0.9016411994164509,
        0.950000000000399
      ],
      "y": [
        0.05,
        0.1648815957551341,
        0.16901408450704225,
        0.17524235645041014,
        0.18112244897959184,
        0.18175720992622402,
        0.21518987341772153,
        0.2199546485260771,
        0.22,
        0.22629582806573956,
        0.23076923076923078,
        0.24547511312217193,
        0.25,
        0.285335102853351,
        0.3067375886524823,
        0.3085808580858086,
        0.33184855233853006,
        0.33519553072625696,
        0.345565749235474,
        0.3528735632183908,
        0.39709302325581397,
        0.3988439306358382,
        0.4186046511627907,
        0.4199134199134199,
        0.4355400696864111,
        0.46,
        0.46798307475317347,
        0.5761561306745864,
        0.5822368421052632,
        0.6161616161616161,
        0.6317829457364341,
        0.6467889908256881,
        0.6623376623376623,
        0.6661386138613862,
        0.6721311475409836,
        0.7328871311226042,
        0.7333333333333333,
        0.75,
        0.7570093457943925,
        0.7692307692307693,
        0.7885397412199631,
        0.8076923076923077,
        0.8181818181818182,
        0.8259328897888343,
        0.95
      ],
      "sampleSize": 102889
    },
    "Pass Attempts|standard": {
      "x": [
        0.04999999999996931,
        0.09302767449365873,
        0.17208670934691292,
        0.2090721380961729,
        0.2239335653132619,
        0.24860218334742357,
        0.2572514214022609,
        0.2625810444727194,
        0.28417377987070525,
        0.3314372107240798,
        0.33358457632695326,
        0.33441133167970727,
        0.33729565099877534,
        0.34116259291191936,
        0.3602811281091583,
        0.402344599537114,
        0.40753995783725055,
        0.4317974076828394,
        0.4947874632553463,
        0.5216197890296503,
        0.5693616575355731,
        0.5709227475193472,
        0.592073802457163,
        0.6407166297983349,
        0.6680469842390988,
        0.7169783133669734,
        0.7173900434978447,
        0.7362154676638891,
        0.7802479668167964,
        0.7829469783717566,
        0.7990557310538947,
        0.8336098590243598,
        0.8485638950789033,
        0.8802840507122099,
        0.9204192035681227,
        0.9499999999999391
      ],
      "y": [
        0.05,
        0.15766879753627921,
        0.16707152496626182,
        0.20537292329445034,
        0.20786026200873362,
        0.2121951219512195,
        0.23300970873786409,
        0.25,
        0.25605419136325147,
        0.2621359223300971,
        0.29133858267716534,
        0.3076923076923077,
        0.32754010695187163,
        0.3317307692307692,
        0.33382862803368,
        0.33641975308641975,
        0.3865546218487395,
        0.38735790561488115,
        0.3933333333333333,
        0.4733142410830513,
        0.48717948717948717,
        0.5,
        0.515263644773358,
        0.5531914893617021,
        0.5913354937745182,
        0.6301369863013698,
        0.6428571428571429,
        0.6566437090542584,
        0.7020109689213894,
        0.7216494845360825,
        0.7277661795407098,
        0.7586206896551724,
        0.7755918106206015,
        0.825,
        0.8491033150172091,
        0.95
      ],
      "sampleSize": 184667
    },
    "INT|standard": {
      "x": [
        0.04999999999963225,
        0.1469962482915918,
        0.3704194693616157,
        0.5283269369782572,
        0.5622142649715834,
        0.5735637468131431,
        0.5846964552886866,
        0.5944590040528274,
        0.6068728071581587,
        0.6230778949233016,
        0.6444452815366325,
        0.674179556343604,
        0.7032943863788882,
        0.7350750814304873,
        0.7537278253043236,
        0.7819931342553628,
        0.8037580879008724,
        0.8225149047059453,
        0.8577700285263383,
        0.9500000000065661
      ],
      "y": [
        0.05,
        0.05,
        0.05,
        0.0851097124178461,
        0.09757989450822216,
        0.12058321292525942,
        0.12356870229007634,
        0.14449989151659795,
        0.15568475452196381,
        0.18413299663299662,
        0.1891891891891892,
        0.19996828417380272,
        0.27871287128712874,
        0.3059418457648546,
        0.3972222222222222,
        0.4324624791550862,
        0.48863636363636365,
        0.4890547263681592,
        0.95,
        0.95
      ],
      "sampleSize": 1508088
    },
    "Sacks|standard": {
      "x": [
        0.049999999999641484,
        0.12685440960799124,
        0.18002841627607188,
        0.20778955259809884,
        0.39858570289264106,
        0.5331007231260965,
        0.5736415307988545,
        0.5843800753690207,
        0.5943234409997338,
        0.6152359000032671,
        0.6437013507103578,
        0.6751677892643834,
        0.7186909515560823,
        0.7600438313752822,
        0.780826042333276,
        0.7930296088287833,
        0.800917098086364,
        0.806360252789413,
        0.811772426604759,
        0.8170866670984753,
        0.8307407001987541,
        0.8724748127515956,
        0.9500000000063503
      ],
      "y": [
        0.05,
        0.05484137366532438,
        0.08358128616497959,
        0.09757751937984496,
        0.10220567995500078,
        0.1318523058066493,
        0.14635349847034443,
        0.15035668556795317,
        0.15132627917089433,
        0.21051640835790927,
        0.2600567681315455,
        0.28228882833787466,
        0.35644817862692063,
        0.4603960396039604,
        0.46726487205051515,
        0.5258001306335728,
        0.5330700888450148,
        0.5877616747181964,
        0.598951507208388,
        0.6130884041331802,
        0.6226415094339622,
        0.95,
        0.95
      ],
      "sampleSize": 1507282
    },
    "Receptions|standard": {
      "x": [
        0.050000000000123654,
        0.09395683520878498,
        0.18746016810709698,
        0.23610618454851864,
        0.2634242211865575,
        0.2925582535656842,
        0.3343425904617679,
        0.3662072057393668,
        0.4390328085198625,
        0.567853510212557,
        0.6429420173637228,
        0.6751811933833939,
        0.7041433125865012,
        0.7336645706736074,
        0.7536565169450554,
        0.766709284320607,
        0.7809167282100266,
        0.7929362127944467,
        0.8026075585216668,
        0.8122707275512574,
        0.828974206734981,
        0.8555917418485586,
        0.8821706417182298,
        0.8994355918120034,
        0.9301579720499321,
        0.9499999999995776
      ],