{
  "trainedAt": "2026-06-15T07:30:29.983Z",
  "sampleSize": 4639491,
  "version": "training-v2",
  "trainSampleSize": 3676166,
  "testSampleSize": 963325,
  "testMetrics": {
    "sampleSize": 963325,
    "bucketsEvaluated": 5,
    "logLoss": 0.18470688966929033,
    "baselineLogLoss": 0.25245855470747985,
    "brier": 0.046300936895805604,
    "accuracy": 0.9468237614512236
  }
}