{
  "trainedAt": "2026-06-12T21:16:09.796Z",
  "sampleSize": 5012886,
  "version": "training-v2",
  "trainSampleSize": 3974386,
  "testSampleSize": 1038500,
  "testMetrics": {
    "sampleSize": 1038500,
    "bucketsEvaluated": 5,
    "logLoss": 0.18429723178725715,
    "baselineLogLoss": 0.2521933390104767,
    "brier": 0.046204852818489156,
    "accuracy": 0.9469792970630717
  }
}