{
  "trainedAt": "2026-06-12T06:20:17.224Z",
  "sampleSize": 5015552,
  "version": "training-v2",
  "trainSampleSize": 3976494,
  "testSampleSize": 1039058,
  "testMetrics": {
    "sampleSize": 1039058,
    "bucketsEvaluated": 5,
    "logLoss": 0.1842715823929767,
    "baselineLogLoss": 0.252176037719237,
    "brier": 0.046198594320387754,
    "accuracy": 0.9469471386582847
  }
}