{
  "buckets": {
    "Points|standard": {
      "x": [
        0.40054276172331427,
        0.5085960385556729
      ],
      "y": [
        0.05,
        0.95
      ],
      "sampleSize": 10
    },
    "Rebounds|standard": {
      "x": [
        0.425805453960467,
        0.5428263384238361
      ],
      "y": [
        0.05,
        0.95
      ],
      "sampleSize": 10
    },
    "Assists|standard": {
      "x": [
        0.43455472320317623,
        0.557887420030897
      ],
      "y": [
        0.05,
        0.95
      ],
      "sampleSize": 10
    },
    "Steals|standard": {
      "x": [
        0.5852753997912912,
        0.7046666798261586
      ],
      "y": [
        0.05,
        0.95
      ],
      "sampleSize": 10
    },
    "Blocked Shots|standard": {
      "x": [
        0.6751055480719445,
        0.7807383713815884
      ],
      "y": [
        0.05,
        0.95
      ],
      "sampleSize": 10
    },
    "Turnovers|standard": {
      "x": [
        0.5107639172668555,
        0.6283954189979024
      ],
      "y": [
        0.05,
        0.95
      ],
      "sampleSize": 10
    },
    "Personal Fouls|standard": {
      "x": [
        0.4873599156442496,
        0.6027986036774763
      ],
      "y": [
        0.05,
        0.95
      ],
      "sampleSize": 10
    },
    "Double-Double|standard": {
      "x": [
        0.6495645733703858,
        0.8137026319073156
      ],
      "y": [
        0.05,
        0.95
      ],
      "sampleSize": 10
    },
    "PRA|standard": {
      "x": [
        0.38524367839917567,
        0.8399832470550944
      ],
      "y": [
        0.05,
        0.95
      ],
      "sampleSize": 20
    },
    "Pts+Rebs|standard": {
      "x": [
        0.38766457814359306,
        0.5026202715654284
      ],
      "y": [
        0.05,
        0.95
      ],
      "sampleSize": 10
    },
    "Pts+Asts|standard": {
      "x": [
        0.3937871735977441,
        0.5082328771944049
      ],
      "y": [
        0.05,
        0.95
      ],
      "sampleSize": 10
    },
    "Rebs+Asts|standard": {
      "x": [
        0.39613595968712034,
        0.5085951147469966
      ],
      "y": [
        0.05,
        0.95
      ],
      "sampleSize": 10
    },
    "Blks+Stls|standard": {
      "x": [
        0.5382925285326811,
        0.6458144018807649
      ],
      "y": [
        0.05,
        0.95
      ],
      "sampleSize": 10
    },
    "Fantasy Score|standard": {
      "x": [
        0.3837737521414901,
        0.8599822135674966
      ],
      "y": [
        0.05,
        0.95
      ],
      "sampleSize": 20
    }
  }
}