{
  "buckets": {
    "Points|standard": {
      "x": [
        0.15822694844319696,
        0.2991176802016743,
        0.33404170862202803,
        0.41850806472618307,
        0.564941767483776,
        0.7046973460371472,
        0.8179641429043099,
        0.8699330707400481
      ],
      "y": [
        0.05,
        0.2,
        0.25,
        0.5,
        0.6,
        0.75,
        0.8,
        0.95
      ],
      "sampleSize": 45
    },
    "Rebounds|standard": {
      "x": [
        0.17179126339944573,
        0.4087259461534101,
        0.5054336469265598,
        0.546708620425845,
        0.617906968915106,
        0.7215319699690819,
        0.8094130246287701,
        0.8735648907434462
      ],
      "y": [
        0.05,
        0.2,
        0.25,
        0.5,
        0.6,
        0.75,
        0.8,
        0.95
      ],
      "sampleSize": 45
    },
    "Assists|standard": {
      "x": [
        0.18794762836387277,
        0.3839167314010094,
        0.459588506186292,
        0.527769626439163,
        0.6364748047501054,
        0.7475293772365978,
        0.8190596530920068,
        0.8818147631699448
      ],
      "y": [
        0.05,
        0.2,
        0.25,
        0.5,
        0.6,
        0.75,
        0.8,
        0.95
      ],
      "sampleSize": 45
    },
    "Steals|standard": {
      "x": [
        0.18834108834024557,
        0.4743408046279353,
        0.6593845504401505,
        0.7475213368355752,
        0.7968762803079512,
        0.8168459474724085,
        0.8434031744100556,
        0.896398164459514
      ],
      "y": [
        0.05,
        0.2,
        0.25,
        0.5,
        0.6,
        0.75,
        0.8,
        0.95
      ],
      "sampleSize": 45
    },
    "Blocked Shots|standard": {
      "x": [
        0.19786090170949894,
        0.6311832773629587,
        0.7477698154442907,
        0.7798178791291185,
        0.8015468695092505,
        0.8159123532831369,
        0.8675990034588589
      ],
      "y": [
        0.05,
        0.2,
        0.25,
        0.5,
        0.6,
        0.75,
        0.95
      ],
      "sampleSize": 40
    },
    "Turnovers|standard": {
      "x": [
        0.17968840802869757,
        0.46792495363303066,
        0.5516947766672499,
        0.6356601431982145,
        0.7532135229605091,
        0.8213772578808454,
        0.8933161542731933
      ],
      "y": [
        0.05,
        0.2,
        0.3333333333333333,
        0.6,
        0.75,
        0.8,
        0.95
      ],
      "sampleSize": 40
    },
    "Personal Fouls|standard": {
      "x": [
        0.18212839589853627,
        0.35455631722358766,
        0.47912562993343344,
        0.5630080014336518,
        0.6442574493003621,
        0.7216557527890329,
        0.808474069020027,
        0.8786278425237267
      ],
      "y": [
        0.05,
        0.2,
        0.25,
        0.5,
        0.6,
        0.75,
        0.8,
        0.95
      ],
      "sampleSize": 45
    },
    "Double-Double|standard": {
      "x": [
        0.46773831487069156,
        0.7336023928202519,
        0.7875090758642169,
        0.8610214810129913
      ],
      "y": [
        0.05,
        0.2,
        0.25,
        0.95
      ],
      "sampleSize": 25
    },
    "PRA|standard": {
      "x": [
        0.13876466731120402,
        0.26506606832191426,
        0.32303807464654594,
        0.4181027084963017,
        0.5602801922431071,
        0.6941142207419505,
        0.8247071074276366,
        0.8508779647984007
      ],
      "y": [
        0.05,
        0.2,
        0.25,
        0.5,
        0.6,
        0.75,
        0.8,
        0.95
      ],
      "sampleSize": 60
    },
    "Pts+Rebs|standard": {
      "x": [
        0.13768978027513318,
        0.2678694757655944,
        0.32958190300671253,
        0.4220339234105869,
        0.5625956645768402,
        0.6802882383606007,
        0.7688943437238969,
        0.8718163294501096
      ],
      "y": [
        0.05,
        0.2,
        0.25,
        0.5,
        0.6,
        0.75,
        0.8,
        0.95
      ],
      "sampleSize": 45
    },
    "Pts+Asts|standard": {
      "x": [
        0.14085163320219998,
        0.26558989872372096,
        0.35166215104341036,
        0.4375086251049757,
        0.5602029927754713,
        0.6661480904091818,
        0.7353045873724465,
        0.8657429188868258
      ],
      "y": [
        0.05,
        0.2,
        0.25,
        0.5,
        0.6,
        0.75,
        0.8,
        0.95
      ],
      "sampleSize": 45
    },
    "Rebs+Asts|standard": {
      "x": [
        0.15008068133912122,
        0.29776269990195436,
        0.37191254906378635,
        0.48606288510678586,
        0.6321358903548857,
        0.7341313554014355,
        0.8166453317552653,
        0.8688972368325204
      ],
      "y": [
        0.05,
        0.2,
        0.25,
        0.5,
        0.6,
        0.75,
        0.8,
        0.95
      ],
      "sampleSize": 45
    },
    "Blks+Stls|standard": {
      "x": [
        0.19371205067619374,
        0.4728321608821885,
        0.5850478596500591,
        0.6624217163496062,
        0.7478413913300541,
        0.8065434952993988,
        0.8424629046270979,
        0.9044011633434318
      ],
      "y": [
        0.05,
        0.2,
        0.25,
        0.5,
        0.6,
        0.75,
        0.8,
        0.95
      ],
      "sampleSize": 45
    },
    "Fantasy Score|standard": {
      "x": [
        0.1416652824219784,
        0.27456242628284955,
        0.38180706330209024,
        0.4624963836563024,
        0.5749007037973441,
        0.6822097974006898,
        0.748878956079586,
        0.8591360587743255
      ],
      "y": [
        0.05,
        0.2,
        0.25,
        0.5,
        0.6,
        0.75,
        0.8,
        0.95
      ],
      "sampleSize": 55
    }
  }
}