{
  "trainedAt": "2026-06-06T06:58:16.050Z",
  "sampleSize": 11459336,
  "version": "training-v2",
  "trainSampleSize": 9131794,
  "testSampleSize": 2327542,
  "testMetrics": {
    "sampleSize": 2327542,
    "bucketsEvaluated": 14,
    "logLoss": 0.290876479305858,
    "baselineLogLoss": 0.30655980603850924,
    "brier": 0.08750759337778727,
    "accuracy": 0.8770780505786792
  }
}