{
  "trainedAt": "2026-06-14T23:45:40.982Z",
  "sampleSize": 11222372,
  "version": "training-v2",
  "trainSampleSize": 8937362,
  "testSampleSize": 2285010,
  "testMetrics": {
    "sampleSize": 2285010,
    "bucketsEvaluated": 14,
    "logLoss": 0.29200712218810465,
    "baselineLogLoss": 0.3079972920913704,
    "brier": 0.08795162509976565,
    "accuracy": 0.8763292064367333
  }
}