{
  "buckets": {
    "Pass Completions|standard": {
      "x": [
        0.04999999999997648,
        0.09376039726959304,
        0.19615394811873801,
        0.21113858851801612,
        0.21992166055932616,
        0.26283018746094594,
        0.2798947222392484,
        0.32933240934678865,
        0.35685577939410723,
        0.4495857156487809,
        0.5618539615036615,
        0.6445935836320178,
        0.645106052674905,
        0.6456175016423289,
        0.6628044209901961,
        0.7137614667178609,
        0.7154992759064431,
        0.7161060002480237,
        0.7173483689316915,
        0.7315090213429729,
        0.7766415021853452,
        0.7790997110396365,
        0.7796566248447722,
        0.7805845338439725,
        0.7942400276141734,
        0.8333263507906064,
        0.8380075952648934,
        0.84806839552136,
        0.8742620443421005,
        0.917334316351867,
        0.9500000000004577
      ],
      "y": [
        0.05,
        0.3507765023632681,
        0.3611874656404618,
        0.36677814938684505,
        0.37449118046132973,
        0.41579315164220826,
        0.44525828835774867,
        0.477116704805492,
        0.506318449873631,
        0.5497507845671036,
        0.6859911054637865,
        0.6976744186046512,
        0.7142857142857143,
        0.7205882352941176,
        0.7332573382730122,
        0.7464114832535885,
        0.7567567567567568,
        0.7590361445783133,
        0.7668161434977578,
        0.7769393299124661,
        0.8037735849056604,
        0.8076923076923077,
        0.8214285714285714,
        0.8275862068965517,
        0.8330454807138745,
        0.8593272171253823,
        0.8693726937269373,
        0.8977006100422337,
        0.9032258064516129,
        0.9127846790890269,
        0.95
      ],
      "sampleSize": 121396
    },
    "Pass Attempts|standard": {
      "x": [
        0.04999999999997648,
        0.09442240706018601,
        0.16623043356152778,
        0.2022506222245659,
        0.21640745495546132,
        0.26625505021108464,
        0.2735910058090389,
        0.28197650821119863,
        0.3328372774015935,
        0.3389803547809859,
        0.33973258689192637,
        0.34093413358035,
        0.34838829761311946,
        0.4002489817647685,
        0.44977678659278625,
        0.561740947481124,
        0.6485121391206673,
        0.6490309434609549,
        0.6632596555913844,
        0.7325867401419492,
        0.7824964363722485,
        0.7833632525608031,
        0.7941051498518532,
        0.8360682392987531,
        0.843954306788457,
        0.8799137626422416,
        0.9186271944830204,
        0.9500000000004561
      ],
      "y": [
        0.05,
        0.3456046407853637,
        0.35,
        0.36219178082191783,
        0.3764241893076249,
        0.43176972281449894,
        0.44042056074766356,
        0.4435418359057677,
        0.4566929133858268,
        0.45714285714285713,
        0.4686192468619247,
        0.47761194029850745,
        0.5233346629437575,
        0.5527950310559007,
        0.5563589173155358,
        0.6953569172457359,
        0.7101449275362319,
        0.7159090909090909,
        0.743997766610832,
        0.786779324055666,
        0.806930693069307,
        0.816793893129771,
        0.8362218370883883,
        0.8472222222222222,
        0.8791872597473915,
        0.8846153846153846,
        0.9112173913043479,
        0.95
      ],
      "sampleSize": 121396
    },
    "INT|standard": {
      "x": [
        0.049999999999673604,
        0.1452209768753103,
        0.4049883914460026,
        0.5655494694275187,
        0.6628846652494578,
        0.7253648060366001,
        0.7909000271490891,
        0.8582977454620944,
        0.9500000000060214
      ],
      "y": [
        0.05,
        0.05,
        0.06457196715665839,
        0.17808643098991517,
        0.1901840490797546,
        0.2744973275642657,
        0.41247342310418145,
        0.95,
        0.95
      ],
      "sampleSize": 1365395
    },
    "Sacks|standard": {
      "x": [
        0.049999999999688724,
        0.13294701140339074,
        0.36717924356016196,
        0.5659370822346995,
        0.6633984078717022,
        0.7213196828709223,
        0.7665356480954537,
        0.7963234964561997,
        0.8241373612449697,
        0.867942319737305,
        0.9500000000057561
      ],
      "y": [
        0.05,
        0.05285311139809633,
        0.09621629154762734,
        0.2226334976883215,
        0.2572499881342256,
        0.3375894899992619,
        0.46910202767943354,
        0.5205566097406704,
        0.5474511930585684,
        0.95,
        0.95
      ],
      "sampleSize": 1338859
    },
    "Receptions|standard": {
      "x": [
        0.05000000000011884,
        0.14593338868354241,
        0.4081337228046652,
        0.5981533317514849,
        0.7217313527457162,
        0.7534966273420227,
        0.7735387078826128,
        0.803864514697716,
        0.8291263117297897,
        0.8620709691034488,
        0.8990160654646203,
        0.9301954511443238,
        0.9499999999990162
      ],
      "y": [
        0.05,
        0.2823079862437906,
        0.33057882352941176,
        0.5395720855828834,
        0.6060338158912587,
        0.615768896611642,
        0.6451718852638494,
        0.683015635039623,
        0.6858779091019861,
        0.8581886209280573,
        0.8920746319753509,
        0.9022701038861101,
        0.95
      ],
      "sampleSize": 642103
    }
  }
}