{
  "trainedAt": "2026-06-06T02:38:22.622Z",
  "sampleSize": 4631090,
  "version": "training-v2",
  "trainSampleSize": 3589769,
  "testSampleSize": 1041321,
  "testMetrics": {
    "sampleSize": 1041321,
    "bucketsEvaluated": 5,
    "logLoss": 0.20313042712617374,
    "baselineLogLoss": 0.26176858069612363,
    "brier": 0.05264332540025382,
    "accuracy": 0.9378030405609797
  }
}