{
  "trainedAt": "2026-06-11T06:47:23.903Z",
  "sampleSize": 4630036,
  "version": "training-v2",
  "trainSampleSize": 3588932,
  "testSampleSize": 1041104,
  "testMetrics": {
    "sampleSize": 1041104,
    "bucketsEvaluated": 5,
    "logLoss": 0.20315052070408668,
    "baselineLogLoss": 0.26178038229456313,
    "brier": 0.052651101678248796,
    "accuracy": 0.9377919977254914
  }
}