{
  "buckets": {
    "Points|standard": {
      "x": [
        0.049999999999752756,
        0.150931198930833,
        0.2782863989388326,
        0.29155535195054544,
        0.41754853708312684,
        0.46101904611834,
        0.4690199375119321,
        0.4719138372949365,
        0.4897938947259186,
        0.5210945922641963,
        0.6987362286445411,
        0.7052606863566788,
        0.7078420755996313,
        0.7097615761626339,
        0.7147412656686507,
        0.7330611588268635,
        0.8859837690011272,
        0.9500000000055725
      ],
      "y": [
        0.05,
        0.32464443178234964,
        0.3247339077546883,
        0.3281712813908564,
        0.3927165354330709,
        0.3966850828729282,
        0.4020618556701031,
        0.40459610027855153,
        0.43394735747848145,
        0.5415481530972607,
        0.567004658810633,
        0.622356495468278,
        0.6312399355877617,
        0.657825802226588,
        0.6753123074337573,
        0.6918290823684535,
        0.8922537426673328,
        0.95
      ],
      "sampleSize": 1152371
    },
    "Rebounds|standard": {
      "x": [
        0.04999999999975198,
        0.14394896917440841,
        0.27599431517595857,
        0.2946081896306848,
        0.3258086713993505,
        0.4691851552019024,
        0.5303833542671272,
        0.6429359634030529,
        0.6565501917404208,
        0.6671329608190711,
        0.684092679004047,
        0.6977747305373353,
        0.7057467910135906,
        0.7131944526335339,
        0.7474047696643423,
        0.8492881636978282,
        0.8584086527865918,
        0.8612314954414729,
        0.8630820909937086,
        0.8644591462782982,
        0.8668834639942496,
        0.8946049830122356,
        0.9500000000054785
      ],
      "y": [
        0.05,
        0.2704367816091954,
        0.28083543098169944,
        0.2913749698244646,
        0.31516713408625785,
        0.3851877084155043,
        0.516414996613411,
        0.5249709639953543,
        0.5520446096654275,
        0.5525094896668072,
        0.5818596691386195,
        0.6446040704634856,
        0.6518490847964139,
        0.6588859863486981,
        0.6745351297182942,
        0.8121427467943766,
        0.8129592518370073,
        0.8247347237467983,
        0.8254486133768353,
        0.8450080515297906,
        0.8509641873278236,
        0.8669685668620138,
        0.95
      ],
      "sampleSize": 1152371
    },
    "Assists|standard": {
      "x": [
        0.04999999999976972,
        0.12090972777998489,
        0.2453556749731203,
        0.2808166754462304,
        0.3350627573468308,
        0.4492629798692732,
        0.5651785304054362,
        0.6646634965618502,
        0.6831757277314893,
        0.7051501669416304,
        0.7332301608760992,
        0.7804106126480962,
        0.8521807041087042,
        0.8720335489666937,
        0.8830461495920173,
        0.8896642518211288,
        0.8908306141536961,
        0.9003138028178808,
        0.9090890708202193,
        0.9292537988669831,
        0.9500000000051874
      ],
      "y": [
        0.05,
        0.21513504952425044,
        0.22545099084688527,
        0.23421981762300287,
        0.28076541135131006,
        0.32283547875154295,
        0.4255714773114978,
        0.4586850856996674,
        0.4661061946902655,
        0.5522339027595269,
        0.5569225361395492,
        0.5588044885627967,
        0.8780311716991549,
        0.8887193332550769,
        0.9060525036460866,
        0.9083665338645418,
        0.9342057433660487,
        0.9405798326430563,
        0.95,
        0.95,
        0.95
      ],
      "sampleSize": 1152371
    },
    "Steals|standard": {
      "x": [
        0.049999999999776126,
        0.09448493909500952,
        0.19969168743042975,
        0.2737530529481124,
        0.33881921081298577,
        0.4393967279895059,
        0.5805404676543897,
        0.6739507312172252,
        0.7215481223109665,
        0.7538282938141007,
        0.7939185859713038,
        0.8526080908900255,
        0.8754166738298814,
        0.8803026278897889,
        0.8873004234959221,
        0.8896642518211274,
        0.8908757673667818,
        0.9007621310685162,
        0.9090662343867782,
        0.9284639355060613,
        0.950000000004968
      ],
      "y": [
        0.05,
        0.1614240506329114,
        0.17861978461474368,
        0.1871098705912205,
        0.24971926811546338,
        0.2855629139072848,
        0.3643905951598259,
        0.380763653939101,
        0.4452987907985834,
        0.4833793194061227,
        0.48771805960050596,
        0.8838043266419802,
        0.8864168618266979,
        0.9107405590975969,
        0.9135632183908046,
        0.9139072847682119,
        0.95,
        0.95,
        0.95,
        0.95,
        0.95
      ],
      "sampleSize": 1152371
    },
    "Blocked Shots|standard": {
      "x": [
        0.04999999999975615,
        0.10389313167035684,
        0.18761101817865805,
        0.21597096940155402,
        0.22350495767035383,
        0.23308031413371288,
        0.27215357926865136,
        0.49783004081164967,
        0.6445461523070104,
        0.6737520815338043,
        0.704055562347872,
        0.7322886209155516,
        0.7538761514681157,
        0.7668842438287565,
        0.7813598735843407,
        0.8018873351812764,
        0.8320164019452029,
        0.8665921398193935,
        0.925232480829566,
        0.9500000000050307
      ],
      "y": [
        0.05,
        0.1068087659111786,
        0.1275852806876175,
        0.1296849087893864,
        0.13467916366258112,
        0.1540638442381707,
        0.17440060541433045,
        0.19628216002261803,
        0.22344718259115146,
        0.2766672084078227,
        0.3663012117714945,
        0.3682501708817498,
        0.42309739222990955,
        0.42740803145183937,
        0.42886719905353443,
        0.4313060334383329,
        0.45860128617363344,
        0.95,
        0.95,
        0.95
      ],
      "sampleSize": 1152206
    },
    "Turnovers|standard": {
      "x": [
        0.049999999999769514,
        0.09746177337985731,
        0.21140761327809424,
        0.28072021699467964,
        0.3359438980262488,
        0.4446504042270576,
        0.5563647446339169,
        0.6444031127076677,
        0.6746016843999375,
        0.7049214078363266,
        0.7335774206069852,
        0.7869274136520289,
        0.8524597351874893,
        0.8719655632998551,
        0.8830115130211329,
        0.8906726680370411,
        0.8931093531420936,
        0.9016756897049769,
        0.9091247177206624,
        0.9305502447221405,
        0.9500000000051064
      ],
      "y": [
        0.05,
        0.19118746507802847,
        0.20648284136276193,
        0.21482147371969548,
        0.27701465201465203,
        0.3066872692935016,
        0.45278290432248663,
        0.4840232389251997,
        0.5082406471183013,
        0.544287791616615,
        0.5467645168202271,
        0.561196296374412,
        0.7903112976565233,
        0.8066706912164202,
        0.8303745928338763,
        0.8710217755443886,
        0.8840579710144928,
        0.8871247113163973,
        0.9250133904659882,
        0.9380583459984431,
        0.95
      ],
      "sampleSize": 1152206
    },