{
  "buckets": {
    "Points|standard": {
      "x": [
        0.04999999999975274,
        0.15093988041405607,
        0.2782869830309388,
        0.29155545348503636,
        0.41756361820082066,
        0.4610130621415338,
        0.4690199375119321,
        0.4719144782252851,
        0.48979508681685374,
        0.5210991131215403,
        0.6987366775680782,
        0.7052603696365869,
        0.7078424299181438,
        0.7097620038370346,
        0.7147420780752299,
        0.7330625753242922,
        0.8859859687476093,
        0.9500000000055725
      ],
      "y": [
        0.05,
        0.32461885690261766,
        0.3249011456960357,
        0.32808475012879956,
        0.3925233644859813,
        0.39660892001474385,
        0.4020618556701031,
        0.4047452896022331,
        0.4339528501933392,
        0.5415656556015805,
        0.5666483817882612,
        0.6220294228592984,
        0.6316353887399464,
        0.6572739187418086,
        0.6752984698167143,
        0.6918988697694219,
        0.8922124663453087,
        0.95
      ],
      "sampleSize": 1152382
    },
    "Rebounds|standard": {
      "x": [
        0.04999999999975197,
        0.14395898491012057,
        0.2759936685134372,
        0.29460747759246153,
        0.32581014543774633,
        0.46919030753849794,
        0.5303825226192077,
        0.6429331933318247,
        0.6565516817053743,
        0.6671321144947465,
        0.6840928052497267,
        0.6977746178306414,
        0.7057470724753353,
        0.713193882808339,
        0.7474108332231467,
        0.8510074087916013,
        0.8612324475338764,
        0.8630820909937086,
        0.8644597656278423,
        0.8668828219281948,
        0.8946000817796852,
        0.9500000000054785
      ],
      "y": [
        0.05,
        0.2704625516484401,
        0.2808843537414966,
        0.291455379626755,
        0.3150072040646091,
        0.38509951586874663,
        0.5163410408077911,
        0.5246662797446314,
        0.5512104283054003,
        0.5523206751054852,
        0.5819550587430136,
        0.6447312195538842,
        0.6520358610384759,
        0.6588938462833572,
        0.6745373832519213,
        0.8130888079387012,
        0.8244330651060717,
        0.8254486133768353,
        0.8444533762057878,
        0.8511282333516786,
        0.8668556146313916,
        0.95
      ],
      "sampleSize": 1152382
    },
    "Assists|standard": {
      "x": [
        0.049999999999769736,
        0.12089983498782919,
        0.24535614813419457,
        0.2808200543614343,
        0.33505698010155327,
        0.4492471085063296,
        0.5652094424040897,
        0.6646606375095726,
        0.6831770124734763,
        0.7051475870929713,
        0.733232250136865,
        0.7804332975615459,
        0.8521790434083801,
        0.8720340373091983,
        0.883046767939688,
        0.8896642518211288,
        0.8908310944006125,
        0.900314045646527,
        0.9090896534300456,
        0.929253953038938,
        0.9500000000051877
      ],
      "y": [
        0.05,
        0.2151732959736858,
        0.22542222222222222,
        0.23422416421095418,
        0.2807345754428833,
        0.3228252054021651,
        0.42566472805416744,
        0.45876486382815496,
        0.46630107907305857,
        0.5521677249835778,
        0.5569036001582487,
        0.55887431870919,
        0.8779835216172598,
        0.8889410109065322,
        0.9059559225305082,
        0.9083665338645418,
        0.9334787350054525,
        0.9404152746648623,
        0.95,
        0.95,
        0.95
      ],
      "sampleSize": 1152382
    },
    "Steals|standard": {
      "x": [
        0.049999999999776105,
        0.09450335586902296,
        0.19968867129093354,
        0.2737575611701735,
        0.33881039298380194,
        0.43942225402165475,
        0.5805552887564074,
        0.6739550520088743,
        0.7215222160134569,
        0.7538263869953222,
        0.793943833282664,
        0.8525896071705749,
        0.8754159598729903,
        0.8803026891206416,
        0.8873005610760217,
        0.8896642518211274,
        0.8908765721192679,
        0.9007640468210277,
        0.9090662554720055,
        0.9284699349010175,
        0.9500000000049676
      ],
      "y": [
        0.05,
        0.16141613924050632,
        0.17872695072403375,
        0.1870943204868154,
        0.24962813605262288,
        0.28551000953288846,
        0.3645657210846014,
        0.38091097908515675,
        0.44535963988123745,
        0.48357856016815554,
        0.48767139410345434,
        0.8836168307967771,
        0.8871915393654524,
        0.9112348509662627,
        0.9138327205882353,
        0.9139072847682119,
        0.95,
        0.95,
        0.95,
        0.95,
        0.95
      ],
      "sampleSize": 1152382
    },
    "Blocked Shots|standard": {
      "x": [
        0.04999999999975608,
        0.10387755631721127,
        0.18762564541562224,
        0.21597254645271502,
        0.22350599436943394,
        0.23308083652907133,
        0.27215515667297663,
        0.49784111111862456,
        0.6445461725176549,
        0.6737511897130042,
        0.7040573782952236,
        0.7322884129483579,
        0.7538771336061278,
        0.7668854534837922,
        0.7813622082421505,
        0.8018840751890538,
        0.8320097088343276,
        0.8666090368584234,
        0.9252332877928064,
        0.9500000000050317
      ],
      "y": [
        0.05,
        0.10682514834222293,
        0.12758454019799145,
        0.12959893934371894,
        0.13462092822138946,
        0.1540115423786353,
        0.17447379281881964,
        0.19626960576515473,
        0.2235031342315729,
        0.27663723525269485,
        0.3663320641513788,
        0.3683041435284067,
        0.4229848363926576,
        0.42756878158338013,
        0.42937352245862886,
        0.43074691805656273,
        0.45845042151746285,
        0.95,
        0.95,
        0.95
      ],
      "sampleSize": 1152382
    },
    "Turnovers|standard": {
      "x": [
        0.0499999999997694,
        0.09746181408191432,
        0.2114103533300882,
        0.2807311588549708,
        0.33593004467098864,
        0.4446822005258019,
        0.5563406829624105,
        0.6444065911982081,
        0.6746023738149066,
        0.704921647740203,
        0.7335782382164563,
        0.7869092617258799,
        0.8524609046517669,
        0.8719662797906996,
        0.8830114550737447,
        0.8906718566150642,
        0.8931093628474466,
        0.90167747305203,
        0.9091250651944355,
        0.9305472288791199,
        0.9500000000051076
      ],
      "y": [
        0.05,
        0.19118931637720052,
        0.20649858321785353,
        0.21483771251931993,
        0.27693119831075136,
        0.30673098381199254,
        0.4527264603609379,
        0.4838358154740283,
        0.5082339866639726,
        0.5443222053616591,
        0.5467837823362434,
        0.5611736910939543,
        0.790561503168014,
        0.8065731946328961,
        0.8305388246784958,
        0.8710217755443886,
        0.8841010401188707,
        0.8869700820145547,
        0.9250535331905781,
        0.938057197931533,
        0.95
      ],
      "sampleSize": 1152382
    },