{
  "buckets": {
    "Points|standard": {
      "x": [
        0.04999999999975279,
        0.15093468865495452,
        0.2782872284196636,
        0.2915576121777181,
        0.41756361820082066,
        0.46101549800541536,
        0.4690199375119321,
        0.4719138372949365,
        0.4897938929018981,
        0.5211040222761192,
        0.6987362286445411,
        0.7052604252000592,
        0.7078414985153781,
        0.7097613912038835,
        0.7147420717107252,
        0.7330617674785045,
        0.8859859123167737,
        0.9500000000055719
      ],
      "y": [
        0.05,
        0.3246605959348964,
        0.3247148288973384,
        0.3282135497166409,
        0.3925233644859813,
        0.39690721649484534,
        0.4020618556701031,
        0.40459610027855153,
        0.43389478061967146,
        0.5415863319652572,
        0.567004658810633,
        0.6218867924528302,
        0.6312399355877617,
        0.6576015727391874,
        0.6752424191469089,
        0.6918702871976595,
        0.8921479726853823,
        0.95
      ],
      "sampleSize": 1152283
    },
    "Rebounds|standard": {
      "x": [
        0.049999999999752014,
        0.14394659068661012,
        0.2759935957802711,
        0.2946097005581407,
        0.32580713754065427,
        0.4691910060194685,
        0.5303827691653773,
        0.6429303732327873,
        0.6565501917404208,
        0.6671321144947465,
        0.6840927257671884,
        0.697774478405258,
        0.7057463135409644,
        0.71319413898964,
        0.7474037101272071,
        0.8492847714351649,
        0.8584086527865918,
        0.861231507102092,
        0.863082104817425,
        0.8644596761635404,
        0.866883221044224,
        0.8946023964865486,
        0.9500000000054779
      ],
      "y": [
        0.05,
        0.27045901300134495,
        0.28085453803238536,
        0.29145832614917755,
        0.31509133631471237,
        0.38513259103867464,
        0.516406670252824,
        0.5252760023242301,
        0.5520446096654275,
        0.5523206751054852,
        0.5816978548607942,
        0.6447255941186527,
        0.6518407774247804,
        0.6588592130760805,
        0.6745466115176583,
        0.8121811717421549,
        0.8129592518370073,
        0.8246705710102489,
        0.8251633986928104,
        0.8450080515297906,
        0.8510052327182595,
        0.8669152903569526,
        0.95
      ],
      "sampleSize": 1152283
    },
    "Assists|standard": {
      "x": [
        0.049999999999769784,
        0.12090126287634784,
        0.24535651657843077,
        0.2808190654217656,
        0.33506555081672,
        0.4492449853919032,
        0.5652062361509806,
        0.6646613105512318,
        0.6831762382245639,
        0.7051498762314696,
        0.7332335841653147,
        0.7804282191786538,
        0.852179760865847,
        0.8720333219550894,
        0.883046786474418,
        0.8896642518211288,
        0.8908304644303452,
        0.9003145862900415,
        0.9090890708202193,
        0.9292548791929748,
        0.950000000005187
      ],
      "y": [
        0.05,
        0.21518640350877194,
        0.22548235084911533,
        0.23417657218327745,
        0.28070443519119836,
        0.32291685036592893,
        0.42568685301089754,
        0.45870621324469446,
        0.46605894326931585,
        0.5522379882758999,
        0.5568401617724635,
        0.5590020229265004,
        0.8779348702925317,
        0.8888236675275887,
        0.905997447894513,
        0.9083665338645418,
        0.9341818181818182,
        0.9404701505158126,
        0.95,
        0.95,
        0.95
      ],
      "sampleSize": 1152283
    },
    "Steals|standard": {
      "x": [
        0.049999999999776154,
        0.09449435705885087,
        0.19969743743674134,
        0.273755694861727,
        0.33882015178806707,
        0.4394183251710136,
        0.5805403412102431,
        0.6739514641837082,
        0.7215495099761059,
        0.7538274499620194,
        0.7939180069631223,
        0.8525980771115949,
        0.8754166738298814,
        0.8803033842868264,
        0.8872998799621613,
        0.8896642518211274,
        0.8908757673667818,
        0.9007621310685162,
        0.9090662171784022,
        0.9284663591811415,
        0.9500000000049674
      ],
      "y": [
        0.05,
        0.16140695089437584,
        0.17869122273380694,
        0.18713049656187358,
        0.24966961807849875,
        0.2856082955007154,
        0.36433077151846227,
        0.3807290659446915,
        0.44539826397753385,
        0.48344283837056506,
        0.4876706685499058,
        0.8838423184792771,
        0.8864168618266979,
        0.9105916966328865,
        0.9137732812140722,
        0.9139072847682119,
        0.95,
        0.95,
        0.95,
        0.95,
        0.95
      ],
      "sampleSize": 1152283
    },
    "Blocked Shots|standard": {
      "x": [
        0.04999999999975613,
        0.10387242101946632,
        0.18761079036423653,
        0.215971758188582,
        0.22350599436943394,
        0.23308083652907133,
        0.27215515667297663,
        0.4978265296876964,
        0.6445461725176549,
        0.6737511897130042,
        0.7040573782952236,
        0.7322884129483579,
        0.7538771336061278,
        0.7668854534837922,
        0.7813622082421505,
        0.8018840751890538,
        0.8320097088343276,
        0.8666048607800955,
        0.9252332877928064,
        0.950000000005031
      ],
      "y": [
        0.05,
        0.10683516298080979,
        0.12759824545698684,
        0.1296419098143236,
        0.13462092822138946,
        0.1540115423786353,
        0.17447379281881964,
        0.19631260202531287,
        0.2235031342315729,
        0.27663723525269485,
        0.3663320641513788,
        0.3683041435284067,
        0.4229848363926576,
        0.42756878158338013,
        0.42937352245862886,
        0.43074691805656273,
        0.45845042151746285,
        0.95,
        0.95,
        0.95
      ],
      "sampleSize": 1152283
    },
    "Turnovers|standard": {
      "x": [
        0.04999999999976948,
        0.09746074494114125,
        0.21140893698924876,
        0.28072268950445006,
        0.3359427738216459,
        0.44465718789942765,
        0.5563568894670611,
        0.6444008520826161,
        0.6746030498218503,
        0.7049208214172638,
        0.7335768701735238,
        0.7869262976299096,
        0.852456953276681,
        0.8719657292898619,
        0.883011825470562,
        0.8906726680370411,
        0.8931093531420936,
        0.9016767473241277,
        0.9091246987121411,
        0.9305473617231944,
        0.9500000000051071
      ],
      "y": [
        0.05,
        0.19118028942626242,
        0.20649431230610135,
        0.21482542625207157,
        0.27694420963651734,
        0.30664102740196414,
        0.4527689827314932,
        0.48403483309143686,
        0.5081113862637084,
        0.5442589782498736,
        0.5467988213233325,
        0.561209206168386,
        0.7903479629305823,
        0.8064272782136391,
        0.8303207946588503,
        0.8710217755443886,
        0.8840579710144928,
        0.8871507734934195,
        0.925073588439925,
        0.9380074895257869,
        0.95
      ],
      "sampleSize": 1152283
    },