{
  "buckets": {
    "Points|standard": {
      "x": [
        0.04999999999975264,
        0.15095863292351389,
        0.2782859043067438,
        0.2915507019133814,
        0.4175404424587909,
        0.4610128773547528,
        0.4690220023515387,
        0.471916054618555,
        0.4897911799962597,
        0.521104546212562,
        0.6987348411300361,
        0.7052597303240578,
        0.7078417865849216,
        0.7097611762460608,
        0.7147427331874953,
        0.733061381246991,
        0.8859888870287483,
        0.9500000000055733
      ],
      "y": [
        0.05,
        0.32444795999645987,
        0.3245133819951338,
        0.3281164460760635,
        0.39320866141732286,
        0.3970534069981584,
        0.4,
        0.4052924791086351,
        0.4335827098919368,
        0.5414781297134238,
        0.567004658810633,
        0.6215604975499435,
        0.6321160042964554,
        0.6574893477548345,
        0.6748122407801816,
        0.6917246776784611,
        0.8920926532349077,
        0.95
      ],
      "sampleSize": 1152547
    },
    "Rebounds|standard": {
      "x": [
        0.049999999999751896,
        0.14395754529453328,
        0.2759946404195973,
        0.2946163424390248,
        0.3258096575233705,
        0.46917934231249814,
        0.5303904354409773,
        0.6429304264741361,
        0.6565501917404208,
        0.667130647221061,
        0.6840920086876313,
        0.6977730452244655,
        0.7057450894895608,
        0.7131965306019793,
        0.7474074247016782,
        0.8492898718197989,
        0.8584092241139261,
        0.861229319580546,
        0.8630820909937086,
        0.8644589874451332,
        0.8668827067038105,
        0.894610644762429,
        0.9500000000054791
      ],
      "y": [
        0.05,
        0.2703327012584037,
        0.28095011229837336,
        0.2914382262680597,
        0.3149677908298598,
        0.3849173627791919,
        0.5162523900573613,
        0.5243619489559165,
        0.5520446096654275,
        0.552087726697596,
        0.581376795076362,
        0.644096776951355,
        0.6518324607329843,
        0.6589989888776542,
        0.6743646022203137,
        0.812046332046332,
        0.8136272545090181,
        0.825054784514244,
        0.8254486133768353,
        0.8437123342707915,
        0.8514034122179417,
        0.86671141225603,
        0.95
      ],
      "sampleSize": 1152547
    },
    "Assists|standard": {
      "x": [
        0.04999999999976978,
        0.12091212036452517,
        0.24535443907064097,
        0.26363203922845485,
        0.2922861143681718,
        0.33507532631617337,
        0.44924884358881456,
        0.5651903348862085,
        0.6646608966115264,
        0.6831752989252072,
        0.7051503284916195,
        0.7332215692520453,
        0.7804061979114224,
        0.8521848481870287,
        0.8720305948163612,
        0.8830482262401614,
        0.8896642518211288,
        0.8908306141536961,
        0.9003099356788317,
        0.9090891609567996,
        0.9292560230125384,
        0.9500000000051866
      ],
      "y": [
        0.05,
        0.2151552446870735,
        0.22549977787649933,
        0.2340937896070976,
        0.23411824496018974,
        0.28060580563735804,
        0.32281283630012525,
        0.4256941128317075,
        0.4585571757482732,
        0.4661121925322952,
        0.5523335339497729,
        0.5567382125263899,
        0.5591696809372132,
        0.8779814956285544,
        0.8884592852958406,
        0.9060259992710484,
        0.9083665338645418,
        0.9342057433660487,
        0.9404676335038687,
        0.95,
        0.95,
        0.95
      ],
      "sampleSize": 1152195
    },
    "Steals|standard": {
      "x": [
        0.04999999999977618,
        0.09449008484087118,
        0.1996834658923007,
        0.27374669413657743,
        0.33879595420923814,
        0.4394379874342621,
        0.5805305239301475,
        0.6739454310172353,
        0.721537434499866,
        0.7538276607550044,
        0.7938832502067662,
        0.8526045712612926,
        0.8754172922337331,
        0.8803038740790942,
        0.8873000079125484,
        0.8896642518211275,
        0.8908759481126514,
        0.9007620257087412,
        0.90906657767079,
        0.9284498041359924,
        0.9500000000049678
      ],
      "y": [
        0.05,
        0.16133320672300827,
        0.178626494978539,
        0.18697660254783535,
        0.24969452792179914,
        0.28540385838456644,
        0.3642526144404784,
        0.3809270883631096,
        0.4452708526191464,
        0.48351070818552094,
        0.4874447391688771,
        0.8838496006234171,
        0.8862837045720985,
        0.9105478331970565,
        0.913662456946039,
        0.9144736842105263,
        0.95,
        0.95,
        0.95,
        0.95,
        0.95
      ],
      "sampleSize": 1152195
    },
    "Blocked Shots|standard": {
      "x": [
        0.04999999999975614,
        0.10391844281984676,
        0.18763319459378883,
        0.21597204274506857,
        0.22350707917622514,
        0.2330819444308219,
        0.27215739624854357,
        0.4978398881620484,
        0.644549290456982,
        0.6737526203783761,
        0.7040596471370284,
        0.7322879645850446,
        0.7538723275066803,
        0.7668867267422746,
        0.7813538967584153,
        0.8018907786775344,
        0.8320094994085346,
        0.8665871726679754,
        0.925236205774897,
        0.9500000000050305
      ],
      "y": [
        0.05,
        0.10664279957264156,
        0.1277026421854008,
        0.12966340573702537,
        0.13437139561707034,
        0.15376770538243625,
        0.1743289745354439,
        0.19614438759646097,
        0.22339122288679109,
        0.27655310621242485,
        0.3658001155401502,
        0.3677502138579983,
        0.4237423476177801,
        0.4273672379881989,
        0.4286136565178835,
        0.43044110518662143,
        0.45835010060362175,
        0.95,
        0.95,
        0.95
      ],
      "sampleSize": 1152195
    },
    "Turnovers|standard": {
      "x": [
        0.04999999999976956,
        0.09745747561568328,
        0.21136776999851872,
        0.28073355690225127,
        0.33594064058029155,
        0.4446416299774879,
        0.5563554630615251,
        0.6444094231187907,
        0.6746063483440801,
        0.704899461486065,
        0.7335868674342808,
        0.786932245454029,
        0.8524553409143154,
        0.8719629430068042,
        0.883010415246559,
        0.8906721369337852,
        0.8931095921953565,
        0.90167716503773,
        0.9091244952976808,
        0.9305550817548555,
        0.9500000000051062
      ],
      "y": [
        0.05,
        0.19115517784073024,
        0.2064949839693867,
        0.21471100376341065,
        0.2767995492322862,
        0.30675299694294644,
        0.4527854909804074,
        0.4841481122942885,
        0.5083240843507214,
        0.5437507914397872,
        0.5466580907970199,
        0.5610033966961329,
        0.7904050334250885,
        0.8059948787467992,
        0.8302363488182559,
        0.8708595387840671,
        0.8841010401188707,
        0.887021313463871,
        0.9252411575562701,
        0.9380537534754402,
        0.95
      ],
      "sampleSize": 1152195
    },