{
  "trainedAt": "2026-06-05T22:59:39.603Z",
  "sampleSize": 16000237,
  "version": "training-v2",
  "trainSampleSize": 12674882,
  "testSampleSize": 3325355,
  "testMetrics": {
    "sampleSize": 3325355,
    "bucketsEvaluated": 11,
    "logLoss": 0.2911029807636542,
    "baselineLogLoss": 0.30097048514235647,
    "brier": 0.08759292905520416,
    "accuracy": 0.876047519738494
  }
}