{
  "trainedAt": "2026-06-13T07:17:56.655Z",
  "sampleSize": 16000182,
  "version": "training-v2",
  "trainSampleSize": 12674926,
  "testSampleSize": 3325256,
  "testMetrics": {
    "sampleSize": 3325256,
    "bucketsEvaluated": 11,
    "logLoss": 0.29108294529480405,
    "baselineLogLoss": 0.30095128357514983,
    "brier": 0.08758628196030317,
    "accuracy": 0.8760573622000832
  }
}