{
  "trainedAt": "2026-06-12T08:37:56.913Z",
  "sampleSize": 16000556,
  "version": "training-v2",
  "trainSampleSize": 12675113,
  "testSampleSize": 3325443,
  "testMetrics": {
    "sampleSize": 3325443,
    "bucketsEvaluated": 11,
    "logLoss": 0.2911065167432654,
    "baselineLogLoss": 0.30097501485232575,
    "brier": 0.08759419780679303,
    "accuracy": 0.876045687747467
  }
}