{
  "buckets": {
    "Goals|standard": {
      "x": [
        0.0500000000007185,
        0.11315113139826101,
        0.2006907983155159,
        0.20470054633747306,
        0.20947572004527715,
        0.21532700362613166,
        0.22290696231353013,
        0.23234645195456838,
        0.24508979910631293,
        0.46196081230875596,
        0.64342637858468,
        0.6638776524768522,
        0.6748904865885275,
        0.6846841204250341,
        0.6985108369152238,
        0.7081657279951531,
        0.7140808808234901,
        0.7177863332402362,
        0.7222471336733796,
        0.7255726012498398,
        0.728505177453487,
        0.7329566215808033,
        0.7413167872695425,
        0.7506884820653476,
        0.7559064052906814,
        0.7677462967158926,
        0.8051393913612234,
        0.844003274485506,
        0.8548266871813122,
        0.8578696643677381,
        0.8826797477868313,
        0.9089024516521771,
        0.925256042440315,
        0.9499999999878714
      ],
      "y": [
        0.05,
        0.07787625164042403,
        0.08779608650875387,
        0.09108544220086412,
        0.10055169286577993,
        0.11022498628132431,
        0.12091477818446122,
        0.1305945750941354,
        0.14884468633185488,
        0.16519521121434744,
        0.1752729376039332,
        0.20810651946126912,
        0.2210322669798936,
        0.22603440260344027,
        0.2663340623291416,
        0.2718611328634821,
        0.28063420158550395,
        0.28683294663573083,
        0.29320661738824355,
        0.29396325459317585,
        0.3012150668286756,
        0.3030148185998978,
        0.3085121915608118,
        0.3655668655668656,
        0.3691308691308691,
        0.37117787822387666,
        0.390677025527192,
        0.95,
        0.95,
        0.95,
        0.95,
        0.95,
        0.95,
        0.95
      ],
      "sampleSize": 4035698
    },
    "Assists|standard": {
      "x": [
        0.05000000000054109,
        0.08366630287955225,
        0.17530426768951296,
        0.1934642317342046,
        0.19741278486444488,
        0.2006676396407966,
        0.20473976317623027,
        0.20956305256401697,
        0.21537691740767154,
        0.22279769827366847,
        0.23239488652609935,
        0.24579825853009582,
        0.26215484695473146,
        0.290839373096309,
        0.3186117393284431,
        0.3312678641668158,
        0.33920435199194954,
        0.5491932635351692,
        0.7012167754009953,
        0.7135227140125934,
        0.720984587301488,
        0.7263202024675202,
        0.7288905417043707,
        0.7324345707878656,
        0.7341113413460433,
        0.7353271837616262,
        0.7420780622610967,
        0.7588600847766059,
        0.7740297880567153,
        0.7757422721066936,
        0.7780546238008551,
        0.7840633262404417,
        0.7904776492961982,
        0.798423533721133,
        0.8054264574580641,
        0.806898886669069,
        0.8081979773623544,
        0.8205665920533394,
        0.8431617471621982,
        0.862627067719112,
        0.8704473724538028,
        0.8799775036622156,
        0.8872118201205087,
        0.8999654913864111,
        0.9249526391295659,
        0.9499999999886257
      ],
      "y": [
        0.05,
        0.09799688518457848,
        0.10128947476489672,
        0.1032668056796743,
        0.10498990481684453,
        0.10510965935604293,
        0.10772857728577286,
        0.11096433289299867,
        0.11457141435749466,
        0.12379336806817723,
        0.13887404520164712,
        0.1614028965276566,
        0.17259574922852905,
        0.2001952035694367,
        0.2418997384867692,
        0.24442352259559674,
        0.2465097901483888,
        0.24838112942104015,
        0.2696356552054139,
        0.28286082474226804,
        0.3085434894493052,
        0.3148961076968101,
        0.31886462077227906,
        0.33387806411062226,
        0.3348519362186788,
        0.3398729446935725,
        0.3402133259454218,
        0.38843626806833115,
        0.40196820590461774,
        0.4197773411918795,
        0.4211261051651931,
        0.42115328037658134,
        0.46910897236882954,
        0.4713544424441385,
        0.49601417183348095,
        0.5,
        0.5054509415262636,
        0.50712619849702,
        0.95,
        0.95,
        0.95,
        0.95,
        0.95,
        0.95,
        0.95,
        0.95
      ],
      "sampleSize": 4035698
    },
    "Points|standard": {
      "x": [
        0.050000000000494565,
        0.08812774755192916,
        0.18770493535093605,
        0.2227029706323739,
        0.23265965474606623,
        0.2453977805297925,
        0.25755954961183486,
        0.26851541489314656,
        0.29188793716546063,
        0.3210455894766453,
        0.33937012544166656,
        0.3474190984243635,
        0.36005095493419587,
        0.38739312626077116,
        0.40592731943123206,
        0.4062883736693847,
        0.40672085826090226,
        0.4076876577850948,
        0.41467750634936906,
        0.4279126047034358,
        0.43706063678166923,
        0.43962690514419095,
        0.4406201272198754,
        0.4433265097752825,
        0.44579033779615546,
        0.4719363835021208,
        0.6279848074470877,
        0.7231083167627569,
        0.7303441448354338,
        0.7394863623532144,
        0.7536232431918152,
        0.7619209768443176,
        0.7651093962750495,
        0.7678406923557026,
        0.7714609475999835,
        0.7769512485036789,
        0.7845355583088549,
        0.7917126956955265,
        0.7970375782160036,
        0.8015522654807926,
        0.8080721314836017,
        0.81197193976103,
        0.8151409729756129,
        0.8190291557760647,
        0.819820289362609,
        0.8248260578167859,
        0.8355201310616454,
        0.8496099604464409,
        0.8672244363953102,
        0.8686533319583423,
        0.8713916401243912,
        0.8742514369409816,
        0.8766386204858494,
        0.8794054245939517,
        0.8829122838483892,
        0.8858948578756984,
        0.8886942056110362,
        0.8896826996320063,
        0.8897466489276867,
        0.8900659459227992,
        0.892378386397831,
        0.9026655578204008,
        0.9093707695762401,
        0.926383315546927,
        0.949999999987597
      ],