{
  "buckets": {
    "Goals|standard": {
      "x": [
        0.05000000000077814,
        0.11750745839800618,
        0.2006924786324641,
        0.20470666039480442,
        0.2094648340288498,
        0.21531663374357057,
        0.22290120652521656,
        0.23183042683703642,
        0.2457708337325698,
        0.46167300186082005,
        0.6446456259507545,
        0.6639196061103277,
        0.674880108863156,
        0.685082893120897,
        0.6985653093730072,
        0.7082403376858771,
        0.7140212953011049,
        0.7207080821104372,
        0.7284391686538219,
        0.7392106686805674,
        0.7506777931798165,
        0.7559037432578122,
        0.7731962480146612,
        0.8475649690604367,
        0.8578648544612448,
        0.8586007833129399,
        0.8850984843515245,
        0.9088950949676751,
        0.9248758842497649,
        0.9499999999860446
      ],
      "y": [
        0.05,
        0.07643472374386519,
        0.08709393295684162,
        0.0918380772773124,
        0.09986252195829833,
        0.11013051120002991,
        0.12113132580510247,
        0.13268500227928887,
        0.1450288221190634,
        0.16329482193883232,
        0.17364657814096016,
        0.20877312153830077,
        0.22101374923045353,
        0.22546128570224955,
        0.26563231302068707,
        0.2722060509835053,
        0.2732030962034648,
        0.28678601198745685,
        0.3005671077504726,
        0.3070493976598075,
        0.365190784737221,
        0.3721185510428101,
        0.37986270022883295,
        0.95,
        0.95,
        0.95,
        0.95,
        0.95,
        0.95,
        0.95
      ],
      "sampleSize": 4202226
    },
    "Assists|standard": {
      "x": [
        0.05000000000064099,
        0.08358606049769192,
        0.17924458402869542,
        0.19739849581024693,
        0.20066837724388814,
        0.20473946953209368,
        0.20958899673186773,
        0.2153817716430462,
        0.22282030080289925,
        0.23197565447676857,
        0.24637472649100087,
        0.2632049409851441,
        0.2817541233865436,
        0.2990714614474362,
        0.3184127552403356,
        0.3341003712995957,
        0.3424402607439186,
        0.3493120141467885,
        0.35461661471534417,
        0.5550125044437237,
        0.6973861799512604,
        0.70680396754405,
        0.7134943205832991,
        0.7208655949592987,
        0.7263085344047703,
        0.7288318846419176,
        0.7335064145243281,
        0.7420441273610868,
        0.7536888976320875,
        0.7662633798281079,
        0.7738951789974199,
        0.7769679294220648,
        0.783959298172377,
        0.8036631472392058,
        0.842777624549426,
        0.8630186734911796,
        0.8699674084289707,
        0.8734512691322261,
        0.8799728293994017,
        0.8859620281980846,
        0.8885820606306402,
        0.9004371521119159,
        0.9247757954887154,
        0.9499999999870034
      ],
      "y": [
        0.05,
        0.0979363348295569,
        0.1011220538463884,
        0.10326477779375809,
        0.10588653322278811,
        0.10837333333333334,
        0.11237140596148773,
        0.11642443337737575,
        0.12373422651503349,
        0.13997198225542845,
        0.15569550537582913,
        0.1719241218131992,
        0.20881387322165165,
        0.20961256544502618,
        0.24067853898641656,
        0.24080598987007268,
        0.24139756484912653,
        0.2443696063986529,
        0.24836601307189543,
        0.24843576300213321,
        0.2673038444353789,
        0.26995010731109065,
        0.28412156087034707,
        0.3054206428623728,
        0.31026785714285715,
        0.3145448381081539,
        0.33274647887323944,
        0.33834991559211236,
        0.3912281433877227,
        0.3987056389581455,
        0.4196969696969697,
        0.4296611672875643,
        0.438277949069316,
        0.4657705532979056,
        0.95,
        0.95,
        0.95,
        0.95,
        0.95,
        0.95,
        0.95,
        0.95,
        0.95,
        0.95
      ],
      "sampleSize": 4202226
    },
    "Points|standard": {
      "x": [
        0.050000000000582585,
        0.08863547158366195,
        0.18255413230886494,
        0.21267258706267528,
        0.22269719454436313,
        0.2322874746365334,
        0.24546925296211952,
        0.2638648364520247,
        0.28195895526385484,
        0.298931173254465,
        0.3212449137652449,
        0.33944322335507393,
        0.3465546192256339,
        0.3495125148573084,
        0.359850053995356,
        0.3831924596293678,
        0.3989917103220393,
        0.4034062749719199,
        0.4057766459464579,
        0.40636854195231403,
        0.407807657875225,
        0.4149900804774819,
        0.4277817438031493,
        0.436494683338269,
        0.4384457157949,
        0.4690786105214207,
        0.6429486691879392,
        0.730350491433377,
        0.7333158071687784,
        0.7416399477838717,
        0.7523102747974282,
        0.7575437921077054,
        0.7590941678723188,
        0.7628866365892859,
        0.7673083228935638,
        0.76965127026313,
        0.7718171417229616,
        0.7769212307790965,
        0.7845129036135494,
        0.7953038095932755,
        0.8085708900157107,
        0.8142278555915746,
        0.816268469206185,
        0.8177268358057201,
        0.8191022406407887,
        0.8207396478443342,
        0.8311045990712017,
        0.8493252676533761,
        0.8649913865730642,
        0.8672301333329206,
        0.8680257369596707,
        0.8704904624667722,
        0.8742707149070398,
        0.8766438794025542,
        0.879427365795586,
        0.8829085571256181,
        0.8859047743330318,
        0.8887412130785566,
        0.8900674558205576,
        0.8923310399152827,
        0.9025672133572252,
        0.9093356090713689,
        0.9266824450103692,
        0.9499999999865621
      ],
      "y": [
        0.05,
        0.11799057319433383,
        0.11965168562185917,
        0.13,
        0.1421814784538129,
        0.15159791293005054,
        0.153236377254853,
        0.17355884014653084,
        0.19771723122238585,
        0.20259942048460924,
        0.2203541617383664,
        0.226910328764669,
        0.23395865694826143,
        0.23595125253893026,
        0.23933680973392166,
        0.26219917012448135,
        0.26644860988803626,
        0.2840436990306201,
        0.28868360277136257,
        0.29928172386272944,
        0.3004807692307692,
        0.30283150836910905,
        0.3287342269571672,
        0.3355035605289929,
        0.3382526564344746,
        0.3399964737514876,
        0.3457875219266614,
        0.3580724586704186,
        0.3671342958321983,
        0.3722647567300568,
        0.41273911136601327,
        0.4177777777777778,
        0.4232324866526452,
        0.43626518366749595,
        0.44047371701641386,
        0.4430379746835443,
        0.44546553808948003,
        0.45747349219017214,
        0.47011163125675187,
        0.49816414686825056,
        0.5271340569081843,
        0.5301204819277109,
        0.5304910955207771,
        0.5374376039933444,
        0.5506125080593166,
        0.5588235294117647,
        0.5624871213682259,
        0.7401921933822072,
        0.7418709354677339,
        0.7622377622377622,
        0.775,
        0.8243589743589743,
        0.8813993174061433,
        0.9194857916102842,
        0.9388412017167382,
        0.9484760522496372,
        0.95,
        0.95,
        0.95,
        0.95,
        0.95,
        0.95,
        0.95,
        0.95
      ],
      "sampleSize": 4202226
    }
  }
}