{
  "buckets": {
    "Goals|standard": {
      "x": [
        0.05000000000071946,
        0.11312739113844193,
        0.20069019786460654,
        0.20470054633747306,
        0.2094760772770307,
        0.21532700362613166,
        0.22290696231353013,
        0.2323456917821153,
        0.2450915304789905,
        0.46188106567263826,
        0.6434257746940399,
        0.6638793323034016,
        0.6748904865885275,
        0.6846990794724892,
        0.6985003644704203,
        0.7081707414186313,
        0.7140679593227984,
        0.7177865661844274,
        0.7222466470494547,
        0.7255726012498398,
        0.7285043743233762,
        0.7329573690900713,
        0.7413174611115599,
        0.7506884820653476,
        0.7559064052906814,
        0.7677462967158926,
        0.8051393913612234,
        0.844003274485506,
        0.8548266871813122,
        0.8578696643677381,
        0.8826845132417637,
        0.9089024221507509,
        0.9252537201177239,
        0.9499999999878546
      ],
      "y": [
        0.05,
        0.07792411414236437,
        0.08786395258953877,
        0.09108544220086412,
        0.10063154710131225,
        0.11022498628132431,
        0.12091477818446122,
        0.13065950435606916,
        0.1490497090156803,
        0.16530445271051056,
        0.17566689293606205,
        0.2081703607127336,
        0.2210322669798936,
        0.22630423354052634,
        0.2660343886462882,
        0.27209908735332466,
        0.2793821356615178,
        0.2869994196169472,
        0.293112559450414,
        0.29396325459317585,
        0.30077839941620044,
        0.30316973415132925,
        0.3084562582152768,
        0.3655668655668656,
        0.3691308691308691,
        0.37117787822387666,
        0.390677025527192,
        0.95,
        0.95,
        0.95,
        0.95,
        0.95,
        0.95,
        0.95
      ],
      "sampleSize": 4037806
    },
    "Assists|standard": {
      "x": [
        0.05000000000054237,
        0.08366339110884181,
        0.17529077673850493,
        0.19346476023689896,
        0.19741266478475022,
        0.20066745957982127,
        0.20474000669559922,
        0.20956322163194152,
        0.21537691740767154,
        0.22279838593612128,
        0.2323936424094306,
        0.24579874542906655,
        0.2621540539417844,
        0.2908607766738679,
        0.3186126122557224,
        0.3312678641668158,
        0.33920294855006433,
        0.5492104115366871,
        0.7012183234973776,
        0.7135228521787862,
        0.7209837392672155,
        0.726320394864203,
        0.7288905417043707,
        0.7324342063314585,
        0.7341113413460433,
        0.7353274232301752,
        0.742077711344564,
        0.7588603504766481,
        0.7740297880567153,
        0.7757422721066936,
        0.7826197358581102,
        0.790474630350725,
        0.798423533721133,
        0.8054264574580641,
        0.806898886669069,
        0.8081979773623544,
        0.8205716252060742,
        0.8431617471621982,
        0.862627067719112,
        0.8704473724538028,
        0.8799761674777496,
        0.8872118201205087,
        0.899977245559094,
        0.9249542750808961,
        0.9499999999886074
      ],
      "y": [
        0.05,
        0.09799714576165156,
        0.10113487381186496,
        0.10328731750918661,
        0.10479214780600461,
        0.10492530345471522,
        0.10775066639327456,
        0.11104501288915328,
        0.11457141435749466,
        0.1237021775138367,
        0.1389745202893992,
        0.16142297396904218,
        0.17259168181332193,
        0.2001055819510433,
        0.24191367193561975,
        0.24442352259559674,
        0.24660722912732225,
        0.2484249221949518,
        0.2696594638949672,
        0.28244470016621914,
        0.3084990027665187,
        0.3152651626135365,
        0.31886462077227906,
        0.33371054947818435,
        0.3348519362186788,
        0.34001498688647436,
        0.34019118869492937,
        0.38841612085863175,
        0.40196820590461774,
        0.4197773411918795,
        0.4210934900743041,
        0.46936236391912906,
        0.4713544424441385,
        0.49601417183348095,
        0.5,
        0.5054509415262636,
        0.506870624837957,
        0.95,
        0.95,
        0.95,
        0.95,
        0.95,
        0.95,
        0.95,
        0.95
      ],
      "sampleSize": 4037806
    },
    "Points|standard": {
      "x": [
        0.05000000000049615,
        0.08813190838565696,
        0.18767401779248424,
        0.22270320095569426,
        0.23265913706483674,
        0.24540121733150044,
        0.25756547732748303,
        0.26851541489314656,
        0.2918895166625536,
        0.32104559154677276,
        0.33937464338700085,
        0.3474174176835341,
        0.360045984065078,
        0.38739376556773963,
        0.40592731943123206,
        0.4062883736693847,
        0.40672085826090226,
        0.4076876577850948,
        0.41468501002615105,
        0.4279122426095519,
        0.437060608411199,
        0.439627422354451,
        0.44054757768212466,
        0.4410925696377611,
        0.4433271270593633,
        0.44579033779615546,
        0.4719078598643244,
        0.6279653577685547,
        0.7231100333334114,
        0.7303444290904111,
        0.7394814683872111,
        0.753622829700984,
        0.7619208728361353,
        0.7651090601309474,
        0.767840934449088,
        0.7714661945052814,
        0.7769491388173075,
        0.7845360610026064,
        0.7917135425142622,
        0.7970372593072711,
        0.8015525666981332,
        0.8080717381197523,
        0.81197193976103,
        0.8151420723812111,
        0.8190291557760647,
        0.819820289362609,
        0.8248254477485555,
        0.8355478492973776,
        0.8496085223750288,
        0.8672244363953102,
        0.8686533319583423,
        0.8713916401243912,
        0.8742514369409816,
        0.8766386204858494,
        0.8794054245939517,
        0.8829122838483892,
        0.8858948578756984,
        0.8886942056110362,
        0.8896826996320063,
        0.8897466489276867,
        0.8900659459227992,
        0.892378386397831,
        0.9026748434850704,
        0.9093707695762401,
        0.9263852661660814,
        0.9499999999875771
      ],