{
  "buckets": {
    "Goals|standard": {
      "x": [
        0.050000000000719205,
        0.11312705386391775,
        0.20069034965373495,
        0.20470083536778816,
        0.20947605861968194,
        0.21532700362613166,
        0.22290696231353013,
        0.23234516512362627,
        0.24509189946098067,
        0.4618786003922954,
        0.6434253428442566,
        0.6638802156272734,
        0.6748904865885275,
        0.684699419656124,
        0.6985005002082948,
        0.7081704647544576,
        0.7140679056986101,
        0.7177865984613511,
        0.7222465938213586,
        0.7255726012498398,
        0.7285044342533975,
        0.7329573690900713,
        0.7413178484818844,
        0.7506884820653476,
        0.7559064052906814,
        0.7677462967158926,
        0.8051393913612234,
        0.844003274485506,
        0.8548266871813122,
        0.8578696643677381,
        0.882684292615986,
        0.9089024221507509,
        0.9252536676457468,
        0.9499999999878584
      ],
      "y": [
        0.05,
        0.07793167817808475,
        0.08772291516338522,
        0.09109749107103488,
        0.10067723506488593,
        0.11022498628132431,
        0.12091477818446122,
        0.13063602086202614,
        0.14905835492478442,
        0.16530402213524092,
        0.1756745045929863,
        0.20812559126588429,
        0.2210322669798936,
        0.22632523040762045,
        0.26605254179460935,
        0.27213456774025296,
        0.2794446932377967,
        0.28708272859216255,
        0.293215859030837,
        0.29396325459317585,
        0.30060827250608274,
        0.30316973415132925,
        0.308355243938066,
        0.3655668655668656,
        0.3691308691308691,
        0.37117787822387666,
        0.390677025527192,
        0.95,
        0.95,
        0.95,
        0.95,
        0.95,
        0.95,
        0.95
      ],
      "sampleSize": 4037347
    },
    "Assists|standard": {
      "x": [
        0.05000000000054209,
        0.08366306988231162,
        0.17529092713646807,
        0.19346476023689896,
        0.1974130682998431,
        0.20066745957982127,
        0.20474000669559922,
        0.2095634147391025,
        0.21537691740767154,
        0.222798705769432,
        0.23239376202675435,
        0.24579901251845107,
        0.26215435435829465,
        0.2908599107545448,
        0.3186129812054687,
        0.3312678641668158,
        0.33920237827506,
        0.5492110054104887,
        0.7012186598980131,
        0.7135228521787862,
        0.720983486680799,
        0.726320394864203,
        0.7288905417043707,
        0.7324342063314585,
        0.7341113413460433,
        0.7353280139377076,
        0.742077682082038,
        0.7588601025525603,
        0.7740297880567153,
        0.7757422721066936,
        0.7826197358581102,
        0.790474630350725,
        0.798423533721133,
        0.8054264574580641,
        0.806898886669069,
        0.8081979773623544,
        0.8205742816527948,
        0.8431617471621982,
        0.862627067719112,
        0.8704473724538028,
        0.8799761674777496,
        0.8872118201205087,
        0.8999773146057408,
        0.9249544466391941,
        0.9499999999886115
      ],
      "y": [
        0.05,
        0.09799546401024509,
        0.10114730587994264,
        0.10328731750918661,
        0.10482240831648859,
        0.10492530345471522,
        0.10775066639327456,
        0.11098625066102591,
        0.11457141435749466,
        0.12371717171717171,
        0.13899200906059272,
        0.16145742389849252,
        0.17253685856736128,
        0.20010003612415594,
        0.24192976232706634,
        0.24442352259559674,
        0.24663972590705438,
        0.2484089327513127,
        0.26969634796881414,
        0.28244470016621914,
        0.30842985842985843,
        0.3152651626135365,
        0.31886462077227906,
        0.33371054947818435,
        0.3348519362186788,
        0.33989501312335957,
        0.34021475580187044,
        0.3883947783675226,
        0.40196820590461774,
        0.4197773411918795,
        0.4210934900743041,
        0.46936236391912906,
        0.4713544424441385,
        0.49601417183348095,
        0.5,
        0.5054509415262636,
        0.5067427385892116,
        0.95,
        0.95,
        0.95,
        0.95,
        0.95,
        0.95,
        0.95,
        0.95
      ],
      "sampleSize": 4037347
    },
    "Points|standard": {
      "x": [
        0.05000000000049588,
        0.08813187652552334,
        0.18767344756983942,
        0.22270361484889456,
        0.23265913706483674,
        0.24540161958923004,
        0.25756547732748303,
        0.26851541489314656,
        0.291890095996518,
        0.32104543945911335,
        0.3393750023963166,
        0.3474174176835341,
        0.3600455784712589,
        0.38739330016356904,
        0.40592731943123206,
        0.4062883736693847,
        0.40672085826090226,
        0.4076876577850948,
        0.41468501002615105,
        0.42791226625649065,
        0.437060608411199,
        0.439627422354451,
        0.44054757768212466,
        0.4410925696377611,
        0.4433271270593633,
        0.44579033779615546,
        0.4719073803157087,
        0.6279638984617145,
        0.7231106114638974,
        0.7303444290904111,
        0.7394807926680632,
        0.7536221781095154,
        0.7619208728361353,
        0.7651089829091674,
        0.767840934449088,
        0.7714661945052814,
        0.7769488996650618,
        0.7845360610026064,
        0.7917138903530991,
        0.7970368408728108,
        0.8015526638358411,
        0.8080713836575326,
        0.81197193976103,
        0.8151419624189725,
        0.8190291557760647,
        0.819820289362609,
        0.8248252969237386,
        0.8355477559330986,
        0.849608296068021,
        0.8672244363953102,
        0.8686533319583423,
        0.8713916401243912,
        0.8742514369409816,
        0.8766386204858494,
        0.8794054245939517,
        0.8829122838483892,
        0.8858948578756984,
        0.8886942056110362,
        0.8896826996320063,
        0.8897466489276867,
        0.8900659459227992,
        0.892378386397831,
        0.9026748434850704,
        0.9093706339268424,
        0.9263854299073842,
        0.9499999999875809
      ],