{
  "buckets": {
    "Goals|standard": {
      "x": [
        0.05000000000070348,
        0.11212922189675914,
        0.19610668073125614,
        0.20278581304900167,
        0.20950577793335742,
        0.21531106651172074,
        0.2228189446711249,
        0.2319660537231431,
        0.24582640945885423,
        0.46198158036364134,
        0.6445055219316003,
        0.6608075257750072,
        0.669050228402352,
        0.6748100396213681,
        0.685119834302903,
        0.6997603974645298,
        0.7097483241827819,
        0.7143181257480816,
        0.7206799770194677,
        0.7279656847798276,
        0.7383129587417373,
        0.752349153317451,
        0.7737347333340692,
        0.8432996017676603,
        0.854857593956271,
        0.8578655811838813,
        0.8585972058696987,
        0.8855446537597755,
        0.9088980701049307,
        0.9250837237897064,
        0.9499999999872913
      ],
      "y": [
        0.05,
        0.07659216402861938,
        0.07763387108990381,
        0.08789003712250426,
        0.09912135077134875,
        0.10998222977671328,
        0.11928841574450202,
        0.13374206667077454,
        0.145171792046479,
        0.16341256568570728,
        0.1734933845933621,
        0.20648049456405884,
        0.20658616904500549,
        0.21712034383954154,
        0.22399727109923534,
        0.2650175951268701,
        0.27341370558375633,
        0.2742521182777105,
        0.28676694013977516,
        0.29038183965358877,
        0.29782538486381743,
        0.37263286499694565,
        0.38045253090739445,
        0.95,
        0.95,
        0.95,
        0.95,
        0.95,
        0.95,
        0.95,
        0.95
      ],
      "sampleSize": 4046256
    },
    "Assists|standard": {
      "x": [
        0.05000000000055283,
        0.08320491693636876,
        0.17944288458632632,
        0.1992495869585815,
        0.2047102039830455,
        0.2095398309875732,
        0.2154365082082765,
        0.222880367230208,
        0.2320002207876873,
        0.24627047913864006,
        0.26325187846331183,
        0.2818548396917391,
        0.2990774208554804,
        0.32114921496957327,
        0.3390149103430681,
        0.3500017154446327,
        0.5554114230423556,
        0.6972726979661221,
        0.7068515401928207,
        0.713554281219678,
        0.7209844797223629,
        0.7265099216023236,
        0.7290859878699557,
        0.7324869230745441,
        0.7351777419684813,
        0.7365179623423579,
        0.7424068936996845,
        0.7544206272839983,
        0.7678907877889007,
        0.7738951532933981,
        0.7756108868738535,
        0.7825642060926497,
        0.7953631436865297,
        0.818875734820225,
        0.8452826905319084,
        0.8647151476352153,
        0.8700312118327362,
        0.8734512710132886,
        0.8798943394451203,
        0.8859641190808508,
        0.8885905585646894,
        0.9003699469946363,
        0.9247606135367682,
        0.9499999999882741
      ],
      "y": [
        0.05,
        0.09723433945019147,
        0.10168462589163758,
        0.10294404367323065,
        0.10455650703034147,
        0.11213955144179423,
        0.11844331641285956,
        0.12448429070136464,
        0.14030069957098132,
        0.15540284479927238,
        0.17108163692565362,
        0.2077640609395916,
        0.2094222184965526,
        0.23784799928386,
        0.24083711659838333,
        0.24320498301245752,
        0.24915756527660102,
        0.26461457163617147,
        0.2723195827104736,
        0.2837984605940407,
        0.3052360427452881,
        0.3062583222370173,
        0.31721890277023357,
        0.32789775231379464,
        0.3308855291576674,
        0.33457019171304886,
        0.339852961575808,
        0.39188018765788524,
        0.39570349732385074,
        0.4201091192517537,
        0.4307692307692308,
        0.43563954903074054,
        0.4627613616727147,
        0.47534403669724773,
        0.95,
        0.95,
        0.95,
        0.95,
        0.95,
        0.95,
        0.95,
        0.95,
        0.95,
        0.95
      ],
      "sampleSize": 4046256
    },
    "Points|standard": {
      "x": [
        0.05000000000048871,
        0.08836266792841338,
        0.18274922838215302,
        0.21273776258923416,
        0.22276281958487235,
        0.23224032999197408,
        0.2453848207074531,
        0.2639665215442247,
        0.28204813895167896,
        0.29912460594896845,
        0.32118765559894574,
        0.33938624838866455,
        0.34656680824946773,
        0.34951254276753724,
        0.3600075945201235,
        0.38284658716371667,
        0.3990194489941325,
        0.40392811646195365,
        0.40757642738125627,
        0.40947228376192507,
        0.4158106722856319,
        0.42774821566528104,
        0.43649251215434925,
        0.4682508618010179,
        0.6404225040499754,
        0.727795592125004,
        0.7303587028130943,
        0.7394805922809589,
        0.7537768885062439,
        0.7627537065794017,
        0.7692978762400715,
        0.7769788547663197,
        0.7843793172298096,
        0.7954489931558216,
        0.8098852526436715,
        0.8168864414399177,
        0.8189395564391676,
        0.8298986626987664,
        0.8511411120068879,
        0.8672123469631268,
        0.8680241661489919,
        0.8704566630432463,
        0.8742503969710426,
        0.8766219135892813,
        0.8794382712596223,
        0.8829015441340694,
        0.8858922030403997,
        0.8873738592263549,
        0.8887710941924982,
        0.890076299026866,
        0.8924049877627448,
        0.902690869244096,
        0.9093337611293385,
        0.9267927709349223,
        0.9499999999878128
      ],
      "y": [
        0.05,
        0.11700629248956702,
        0.1194139802239077,
        0.13337102104713863,
        0.1420936232952451,
        0.14740235274417046,
        0.15114592399187698,
        0.17443868739205526,
        0.19743293119594557,
        0.20190484589267604,
        0.2187186570709648,
        0.2319761474167848,
        0.23223873142714446,
        0.2363001745200698,
        0.23974224816875034,
        0.2597173144876325,
        0.2660105350706959,
        0.2872256016926739,
        0.289206468597217,
        0.29686411149825787,
        0.29915134370579916,
        0.3260607144453883,
        0.3348700754400671,
        0.3375679347826087,
        0.34687170089436886,
        0.34983630120578135,
        0.3559561682573347,
        0.3691282788901927,
        0.4155829075708314,
        0.4332587621178225,
        0.44170151994287465,
        0.45583544164558354,
        0.4620107884769884,
        0.4993735807689296,
        0.5261081457414714,
        0.5352564102564102,
        0.5573122529644269,
        0.5590353293702576,
        0.7447305697060336,
        0.7707948243992606,
        0.78125,
        0.8215523215523216,
        0.8692098092643051,
        0.9120567375886525,
        0.9390243902439024,
        0.9445018958979662,
        0.95,
        0.95,
        0.95,
        0.95,
        0.95,
        0.95,
        0.95,
        0.95,
        0.95
      ],
      "sampleSize": 4046256
    }
  }
}