{
  "trainedAt": "2026-06-12T21:46:48.417Z",
  "sampleSize": 15776262,
  "version": "training-v2",
  "trainSampleSize": 12606678,
  "testSampleSize": 3169584,
  "testMetrics": {
    "sampleSize": 3169584,
    "bucketsEvaluated": 3,
    "logLoss": 0.22039060896883597,
    "baselineLogLoss": 0.2877810838611227,
    "brier": 0.061410154870592454,
    "accuracy": 0.9211618938005744
  }
}