{
  "trainedAt": "2026-06-15T06:48:09.661Z",
  "sampleSize": 15191658,
  "version": "training-v2",
  "trainSampleSize": 12138768,
  "testSampleSize": 3052890,
  "testMetrics": {
    "sampleSize": 3052890,
    "bucketsEvaluated": 3,
    "logLoss": 0.22037825001573363,
    "baselineLogLoss": 0.28767256358400123,
    "brier": 0.06143476418523416,
    "accuracy": 0.9210610274199201
  }
}