{
  "trainedAt": "2026-06-12T06:39:26.450Z",
  "sampleSize": 15150825,
  "version": "training-v2",
  "trainSampleSize": 12107094,
  "testSampleSize": 3043731,
  "testMetrics": {
    "sampleSize": 3043731,
    "bucketsEvaluated": 3,
    "logLoss": 0.2167567660560929,
    "baselineLogLoss": 0.28092145244262445,
    "brier": 0.06009028286095815,
    "accuracy": 0.9229396421694296
  }
}