{
  "buckets": {
    "Total Games|standard": {
      "x": [
        0.050000000000754295,
        0.09473591279093485,
        0.17861498041218507,
        0.1845303497977642,
        0.18852289717137644,
        0.1918224291940827,
        0.19358186588409002,
        0.19480520533161436,
        0.19709217862488915,
        0.20043875367481728,
        0.20465690216898702,
        0.20718748199000303,
        0.21148837637654558,
        0.2683052562419299,
        0.30394396701393045,
        0.30979447532448395,
        0.31147862098951773,
        0.31352054292290255,
        0.315646670047657,
        0.32058269806868367,
        0.32441578519183023,
        0.3251095888100073,
        0.3265174106818544,
        0.3276299940370159,
        0.32836082937192745,
        0.3337540081329156,
        0.3388208745873755,
        0.34035928503744844,
        0.3430692727342914,
        0.3464293944450286,
        0.35406647590371265,
        0.40554420724059936,
        0.4210154423486197,
        0.44284702081406035,
        0.45659373235769,
        0.45969743323552675,
        0.4626959264700489,
        0.4706065508137366,
        0.48928116102936803,
        0.507532774919082,
        0.5159593855951292,
        0.5167404422842032,
        0.5168154122846286,
        0.5168549324844546,
        0.5169818741904308,
        0.51732171988019,
        0.5182422841711626,
        0.5189517710539222,
        0.5195395627985979,
        0.5283662876854796,
        0.6212706635268861,
        0.6268341199038817,
        0.6555218215725311,
        0.6664959923146666,
        0.6668408885634647,
        0.6674964299950221,
        0.6691104805810976,
        0.6718825599063423,
        0.6764960723929972,
        0.6794636182421694,
        0.6807285552025174,
        0.6821607652756749,
        0.6823301271941542,
        0.6828402210338644,
        0.683617218894932,
        0.6855765052824389,
        0.6891691893029891,
        0.7053774575033903,
        0.7713787595759983,
        0.7883449219646335,
        0.7915140944099074,
        0.7917400276824329,
        0.7924239871810862,
        0.7953711861529141,
        0.8004837289769742,
        0.8034136893810939,
        0.8047118853280439,
        0.8063677844652044,
        0.8073201817762992,
        0.8082278635255672,
        0.8835398557303444,
        0.9499999999827334
      ],
      "y": [
        0.05,
        0.15780175641636598,
        0.17575526460743188,
        0.17687550717743517,
        0.17790009954910113,
        0.17804750612917486,
        0.17948287441235727,
        0.18073085310249123,
        0.1816919776197888,
        0.18552008738924627,
        0.19117021276595744,
        0.19647577092511012,
        0.19986143644221568,
        0.21166134185303515,
        0.26823161189358374,
        0.28515625,
        0.28726415094339625,
        0.3047852444215143,
        0.3071059079771304,
        0.3106055778584932,
        0.312,
        0.3135476237428515,
        0.31427509293680295,
        0.31728492501973166,
        0.31986404833836857,
        0.32000628634292,
        0.32754927163667524,
        0.33530559167750323,
        0.34152247389396156,
        0.3420831935592083,
        0.3431472641483403,
        0.3772455089820359,
        0.4166666666666667,
        0.43862275449101795,
        0.45955882352941174,
        0.47058823529411764,
        0.47288503253796094,
        0.48433601330745774,
        0.49508021797949775,
        0.5394582642343836,
        0.5519488984487029,
        0.5525291828793775,
        0.5555555555555556,
        0.5620052770448549,
        0.562358276643991,
        0.5643988018827557,
        0.5647811797266908,
        0.5757575757575758,
        0.5775305895439377,
        0.580870754022505,
        0.5826086956521739,
        0.6252354048964218,
        0.6628064863515053,
        0.6651845264562027,
        0.6666666666666666,
        0.6683168316831684,
        0.6687942710360395,
        0.6691977137135466,
        0.6734254213661133,
        0.6748768472906403,
        0.6751087234586851,
        0.6753246753246753,
        0.6804123711340206,
        0.6845302668691691,
        0.6907256499805976,
        0.6947058342197856,
        0.6957236842105263,
        0.7064,
        0.7177293934681181,
        0.7584653393402122,
        0.7585616438356164,
        0.7642186637217007,
        0.7677020708082832,
        0.7686211953585304,
        0.7794421898623378,
        0.7802197802197802,
        0.7816549426138467,
        0.7844466887894964,
        0.7850248907853297,
        0.7860137514673822,
        0.7860358352647531,
        0.95
      ],
      "sampleSize": 4000080
    },
    "Total Games Won|standard": {
      "x": [
        0.050000000000754295,
        0.09473591279093485,
        0.17861498041218507,
        0.1845303497977642,
        0.18852289717137644,
        0.1918224291940827,
        0.19358186588409002,
        0.19480520533161436,
        0.19709217862488915,
        0.20043875367481728,
        0.20465690216898702,
        0.20718748199000303,
        0.21148837637654558,
        0.2683052562419299,
        0.30394396701393045,
        0.30979447532448395,
        0.31147862098951773,
        0.31352054292290255,
        0.315646670047657,
        0.32058269806868367,
        0.32441578519183023,
        0.3251095888100073,
        0.3265174106818544,
        0.3276299940370159,
        0.32836082937192745,
        0.3337540081329156,
        0.3388208745873755,
        0.34035928503744844,
        0.3430692727342914,
        0.3464293944450286,
        0.35406647590371265,
        0.40554420724059936,
        0.4210154423486197,
        0.44284702081406035,
        0.45659373235769,
        0.45969743323552675,
        0.4626959264700489,
        0.4706065508137366,
        0.48928116102936803,
        0.507532774919082,
        0.5159593855951292,
        0.5167404422842032,
        0.5168154122846286,
        0.5168549324844546,
        0.5169818741904308,
        0.51732171988019,
        0.5182422841711626,
        0.5189517710539222,
        0.5195395627985979,
        0.5283662876854796,
        0.6212706635268861,
        0.6268341199038817,
        0.6555218215725311,
        0.6664959923146666,
        0.6668408885634647,
        0.6674964299950221,
        0.6691104805810976,
        0.6718825599063423,
        0.6764960723929972,
        0.6794636182421694,
        0.6807285552025174,
        0.6821607652756749,
        0.6823301271941542,
        0.6828402210338644,
        0.683617218894932,
        0.6855765052824389,
        0.6891691893029891,
        0.7053774575033903,
        0.7713787595759983,
        0.7883449219646335,
        0.7915140944099074,
        0.7917400276824329,
        0.7924239871810862,
        0.7953711861529141,
        0.8004837289769742,
        0.8034136893810939,
        0.8047118853280439,
        0.8063677844652044,
        0.8073201817762992,
        0.8082278635255672,
        0.8835398557303444,
        0.9499999999827334
      ],