{
  "buckets": {
    "Total Games|standard": {
      "x": [
        0.05000000000080958,
        0.09484524108501582,
        0.1818519418631792,
        0.18673225251625145,
        0.18750011248836038,
        0.18798440772654607,
        0.19092162781975502,
        0.19438853067319217,
        0.19529952435089235,
        0.19885957870798202,
        0.20426072677396143,
        0.2067538407888631,
        0.21136223107399513,
        0.26731378411256357,
        0.3041450938555336,
        0.30947445614204905,
        0.3115237415263088,
        0.31276607600917067,
        0.31418157265837554,
        0.31520288744401564,
        0.32111434557022517,
        0.327342753936102,
        0.32879983759306575,
        0.3306995891164537,
        0.3354403706063226,
        0.33923994500045673,
        0.34097320927073965,
        0.34224150794663943,
        0.34359875748954277,
        0.34557256009370174,
        0.3523752991709495,
        0.40512651652313175,
        0.42101405529842717,
        0.4364104128153404,
        0.44832304029413883,
        0.45199902245117135,
        0.46047667219774296,
        0.47062294368951113,
        0.4740114369940258,
        0.47484288661722923,
        0.4894119926944293,
        0.5076370770637562,
        0.5159393013865402,
        0.5163612703168257,
        0.5169651694821822,
        0.5180547342191706,
        0.5191551000731678,
        0.519860830738234,
        0.5278554084936594,
        0.626061490511171,
        0.6524547344319029,
        0.6626206409734822,
        0.665486119678863,
        0.6672059699605702,
        0.6741876125214735,
        0.6804966295309293,
        0.6812928774000395,
        0.6820384398259309,
        0.6821437941806099,
        0.68288022014701,
        0.6865636126237228,
        0.7046469954224601,
        0.7715259200831346,
        0.7811344403273889,
        0.7831603172070227,
        0.78885460418129,
        0.7933317761177312,
        0.7957608516294674,
        0.7971063719386667,
        0.7996066621929221,
        0.8027522881328915,
        0.8044296223675064,
        0.8054851280861814,
        0.8088080533338176,
        0.8885750045403649,
        0.949999999981981
      ],
      "y": [
        0.05,
        0.15599776232717974,
        0.17290436315557514,
        0.1740633542370156,
        0.1746160064672595,
        0.17561583171879325,
        0.17932835498769803,
        0.1818301168439018,
        0.18326693227091634,
        0.1851827547739353,
        0.19423142599894438,
        0.19696969696969696,
        0.19831991823176184,
        0.21763085399449036,
        0.24894387447193725,
        0.2952158693115519,
        0.29707927677329626,
        0.3013157894736842,
        0.30585953733204047,
        0.3075117370892019,
        0.3117206982543641,
        0.3152374366067312,
        0.31659693165969316,
        0.32187765505522514,
        0.3226600390898342,
        0.32296198222054096,
        0.33320126782884313,
        0.3335530652603823,
        0.3384959161658191,
        0.34613901103139705,
        0.34754524630084405,
        0.379746835443038,
        0.4,
        0.416403785488959,
        0.4496124031007752,
        0.45569620253164556,
        0.462033462033462,
        0.46882217090069284,
        0.470532319391635,
        0.4915254237288136,
        0.49858039899050594,
        0.5405607078136659,
        0.5488938053097345,
        0.558282208588957,
        0.558337506259389,
        0.5667134831460674,
        0.5823117338003503,
        0.58679706601467,
        0.5888197511039743,
        0.5910652920962199,
        0.6613972945417853,
        0.6649950942984847,
        0.6677573151350846,
        0.6699413722072571,
        0.6738789210596219,
        0.6753902662993572,
        0.6765491792848963,
        0.6786389413988658,
        0.6886792452830188,
        0.6905235255135852,
        0.702279274270986,
        0.7099522127571162,
        0.7295345104333868,
        0.7477718360071302,
        0.75,
        0.7553508817834528,
        0.7732091858690975,
        0.7756192677114176,
        0.776778955336866,
        0.7789706170147335,
        0.7801955865035073,
        0.7822874493927126,
        0.7828916782891678,
        0.785308132783406,
        0.7863970340760225,
        0.95
      ],
      "sampleSize": 4102095
    },
    "Total Games Won|standard": {
      "x": [
        0.05000000000080958,
        0.09484524108501582,
        0.1818519418631792,
        0.18673225251625145,
        0.18750011248836038,
        0.18798440772654607,
        0.19092162781975502,
        0.19438853067319217,
        0.19529952435089235,
        0.19885957870798202,
        0.20426072677396143,
        0.2067538407888631,
        0.21136223107399513,
        0.26731378411256357,
        0.3041450938555336,
        0.30947445614204905,
        0.3115237415263088,
        0.31276607600917067,
        0.31418157265837554,
        0.31520288744401564,
        0.32111434557022517,
        0.327342753936102,
        0.32879983759306575,
        0.3306995891164537,
        0.3354403706063226,
        0.33923994500045673,
        0.34097320927073965,
        0.34224150794663943,
        0.34359875748954277,
        0.34557256009370174,
        0.3523752991709495,
        0.40512651652313175,
        0.42101405529842717,
        0.4364104128153404,
        0.44832304029413883,
        0.45199902245117135,
        0.46047667219774296,
        0.47062294368951113,
        0.4740114369940258,
        0.47484288661722923,
        0.4894119926944293,
        0.5076370770637562,
        0.5159393013865402,
        0.5163612703168257,
        0.5169651694821822,
        0.5180547342191706,
        0.5191551000731678,
        0.519860830738234,
        0.5278554084936594,
        0.626061490511171,
        0.6524547344319029,
        0.6626206409734822,
        0.665486119678863,
        0.6672059699605702,
        0.6741876125214735,
        0.6804966295309293,
        0.6812928774000395,
        0.6820384398259309,
        0.6821437941806099,
        0.68288022014701,
        0.6865636126237228,
        0.7046469954224601,
        0.7715259200831346,
        0.7811344403273889,
        0.7831603172070227,
        0.78885460418129,
        0.7933317761177312,
        0.7957608516294674,
        0.7971063719386667,
        0.7996066621929221,
        0.8027522881328915,
        0.8044296223675064,
        0.8054851280861814,
        0.8088080533338176,
        0.8885750045403649,
        0.949999999981981
      ],