{
  "buckets": {
    "Total Games|standard": {
      "x": [
        0.050000000000462654,
        0.06612093227307304,
        0.077536065589669,
        0.1476429346918893,
        0.15626144679648876,
        0.16296684421338162,
        0.16731091972179787,
        0.1679068324427646,
        0.16854962679678173,
        0.16934502777613047,
        0.17129216708734266,
        0.1733210491366055,
        0.17449818400695818,
        0.17478567286322677,
        0.18216191160009723,
        0.2640982640004054,
        0.2868964359869595,
        0.2895002328448741,
        0.2899508381920621,
        0.2958653258300136,
        0.30158245928799327,
        0.3030695094598967,
        0.3037550335023424,
        0.30619372465084715,
        0.31052698328940265,
        0.3126390167196006,
        0.31307013807180667,
        0.3140570682851318,
        0.3156691229704787,
        0.31864965733136075,
        0.3209176795201527,
        0.3267944381074209,
        0.40680539194469656,
        0.45606450868439646,
        0.46863388628342817,
        0.47202407961794995,
        0.4723620379940662,
        0.4737810033663019,
        0.48923868914140256,
        0.5082781669250317,
        0.5169046869971567,
        0.517138503122276,
        0.5176167229086399,
        0.5189820796825472,
        0.5264553617098744,
        0.6495199248179672,
        0.6760165126853279,
        0.6880509745661717,
        0.69428382836052,
        0.6958452967673425,
        0.6982421187518429,
        0.7011654039532571,
        0.7033097274153032,
        0.7037945344148349,
        0.7041744391763864,
        0.7051063283935173,
        0.7069579481954396,
        0.7141826759842861,
        0.8156307193612552,
        0.824806684428743,
        0.8261014318793686,
        0.82673808499374,
        0.8287379356157375,
        0.8303389486402233,
        0.8308911114260088,
        0.8321394194673047,
        0.8371182385903446,
        0.8495318253161338,
        0.9225457841654785,
        0.9341211344242525,
        0.9499999999866414
      ],
      "y": [
        0.05,
        0.09999619207189368,
        0.11035564853556486,
        0.1399110063595912,
        0.1414345728955967,
        0.15252644908296228,
        0.15269461077844312,
        0.15460813059671924,
        0.15892997639653816,
        0.16218566562794406,
        0.1639453515494835,
        0.16545933486993744,
        0.16921606118546845,
        0.17204301075268819,
        0.17204819277108432,
        0.22549780191362814,
        0.26001400015555726,
        0.2643037974683544,
        0.2658643326039387,
        0.27920420319021055,
        0.28022940895332166,
        0.2861060329067642,
        0.28846153846153844,
        0.2911856127886323,
        0.29454184584849485,
        0.2971548998946259,
        0.29825680272108845,
        0.2987986544930322,
        0.30134316932284777,
        0.3039517419672535,
        0.3054203180785459,
        0.3114589465664716,
        0.42505133470225875,
        0.44022988505747124,
        0.4554738562091503,
        0.48639455782312924,
        0.49019607843137253,
        0.4944974321349963,
        0.4955063031058206,
        0.5397092214809991,
        0.5542435424354244,
        0.5555555555555556,
        0.5588837209302325,
        0.5717930029154519,
        0.5793910359758625,
        0.6506477225240285,
        0.6848783789059958,
        0.6857163833156785,
        0.6889495225102319,
        0.6930031993323132,
        0.6932913507261278,
        0.6985911809891152,
        0.6993736951983298,
        0.6995614035087719,
        0.7048846675712347,
        0.7065292096219932,
        0.7066780688797326,
        0.7123922413793103,
        0.7764326069410815,
        0.7780859916782247,
        0.7847673511827398,
        0.787292817679558,
        0.7877973206962544,
        0.7906976744186046,
        0.7994916115912557,
        0.802290123840936,
        0.806856388717229,
        0.8130898933727871,
        0.8457854406130269,
        0.8571366075139288,
        0.95
      ],
      "sampleSize": 4015765
    },
    "Total Games Won|standard": {
      "x": [
        0.050000000000462654,
        0.06612093227307304,
        0.077536065589669,
        0.1476429346918893,
        0.15626144679648876,
        0.16296684421338162,
        0.16731091972179787,
        0.1679068324427646,
        0.16854962679678173,
        0.16934502777613047,
        0.17129216708734266,
        0.1733210491366055,
        0.17449818400695818,
        0.17478567286322677,
        0.18216191160009723,
        0.2640982640004054,
        0.2868964359869595,
        0.2895002328448741,
        0.2899508381920621,
        0.2958653258300136,
        0.30158245928799327,
        0.3030695094598967,
        0.3037550335023424,
        0.30619372465084715,
        0.31052698328940265,
        0.3126390167196006,
        0.31307013807180667,
        0.3140570682851318,
        0.3156691229704787,
        0.31864965733136075,
        0.3209176795201527,
        0.3267944381074209,
        0.40680539194469656,
        0.45606450868439646,
        0.46863388628342817,
        0.47202407961794995,
        0.4723620379940662,
        0.4737810033663019,
        0.48923868914140256,
        0.5082781669250317,
        0.5169046869971567,
        0.517138503122276,
        0.5176167229086399,
        0.5189820796825472,
        0.5264553617098744,
        0.6495199248179672,
        0.6760165126853279,
        0.6880509745661717,
        0.69428382836052,
        0.6958452967673425,
        0.6982421187518429,
        0.7011654039532571,
        0.7033097274153032,
        0.7037945344148349,
        0.7041744391763864,
        0.7051063283935173,
        0.7069579481954396,
        0.7141826759842861,
        0.8156307193612552,
        0.824806684428743,
        0.8261014318793686,
        0.82673808499374,
        0.8287379356157375,
        0.8303389486402233,
        0.8308911114260088,
        0.8321394194673047,
        0.8371182385903446,
        0.8495318253161338,
        0.9225457841654785,
        0.9341211344242525,
        0.9499999999866414
      ],