{
  "buckets": {
    "Total Games|standard": {
      "x": [
        0.05000000000081842,
        0.09481456633743399,
        0.18330263896765905,
        0.1915532219532451,
        0.1950255889097204,
        0.19597202698285657,
        0.1995252787281521,
        0.20423346910212234,
        0.2067608193018524,
        0.2088585955721267,
        0.21092629444006583,
        0.21581903422783313,
        0.2678870928504196,
        0.3041197690777869,
        0.3106994849452524,
        0.31233811037386255,
        0.3134139043938501,
        0.31892789301486196,
        0.32437045068722087,
        0.3275253572271901,
        0.32895913070253907,
        0.3337669609959835,
        0.33933062714826173,
        0.34021545944315945,
        0.3420525941960742,
        0.3442316234874389,
        0.34511330426881776,
        0.34654340455501764,
        0.35311448657080496,
        0.42509173388616783,
        0.44837475798192095,
        0.4668002790887016,
        0.4724631372221398,
        0.4732560653665056,
        0.47476190576533894,
        0.4895577987840646,
        0.507484866084797,
        0.5162454235520852,
        0.5174242646065594,
        0.5182483949100993,
        0.527043198785262,
        0.6270002226003745,
        0.6346608955374556,
        0.6528069228201552,
        0.6610887161241715,
        0.6638010301463905,
        0.6671151389403267,
        0.6686353069389894,
        0.671864664812673,
        0.676456213508697,
        0.6800513337919214,
        0.682578233907621,
        0.6833761568154282,
        0.6834559693562636,
        0.6853240098165144,
        0.6891408938433636,
        0.7051965462953734,
        0.7713702699596013,
        0.7814035508895961,
        0.7844105647004316,
        0.7878482664358682,
        0.7897568961742555,
        0.7902784751771644,
        0.7906224836945439,
        0.7913332479838626,
        0.7945191739532593,
        0.7972450454555986,
        0.8012788037017814,
        0.8059016542765901,
        0.8806090807487483,
        0.949999999981867
      ],
      "y": [
        0.05,
        0.15644947050776267,
        0.17426957264739265,
        0.17916023572330575,
        0.18157625383828044,
        0.18224892122853034,
        0.183932602386327,
        0.19123480889112776,
        0.1960979935705576,
        0.19696700432438838,
        0.20074696545284781,
        0.20185202506781405,
        0.21601334445371143,
        0.24917836868837764,
        0.2793273174733388,
        0.2956259426847662,
        0.30888345558272207,
        0.31119536508477463,
        0.3116552319132328,
        0.3169326004589359,
        0.3196794300979519,
        0.31975993314593937,
        0.32814200787071923,
        0.3333333333333333,
        0.334946479104294,
        0.33865814696485624,
        0.3402542372881356,
        0.34514571477841005,
        0.34602765408952424,
        0.41471571906354515,
        0.41605839416058393,
        0.4653685674547983,
        0.4689922480620155,
        0.4900473933649289,
        0.49348465741908365,
        0.4975425074703257,
        0.5388659165945443,
        0.5524601001038814,
        0.5631469979296067,
        0.5745442153688873,
        0.5854184820946927,
        0.6052631578947368,
        0.6589103291713961,
        0.6610780621415733,
        0.6665543386689132,
        0.6675996525431908,
        0.6684736091298146,
        0.6689983628516148,
        0.6715340094514947,
        0.671756624141315,
        0.674840859571923,
        0.6838889626776464,
        0.6856492027334852,
        0.6920152091254753,
        0.6987427794767245,
        0.7005813953488372,
        0.7079895351177299,
        0.7148468185388845,
        0.7496463932107497,
        0.7529538131041891,
        0.7547251323037045,
        0.7553407934893184,
        0.7556818181818182,
        0.7592592592592593,
        0.7619274809160306,
        0.7719280414676288,
        0.7726644033697976,
        0.7787058913192592,
        0.7794469555969157,
        0.7855559258333564,
        0.95
      ],
      "sampleSize": 4120290
    },
    "Total Games Won|standard": {
      "x": [
        0.05000000000081842,
        0.09481456633743399,
        0.18330263896765905,
        0.1915532219532451,
        0.1950255889097204,
        0.19597202698285657,
        0.1995252787281521,
        0.20423346910212234,
        0.2067608193018524,
        0.2088585955721267,
        0.21092629444006583,
        0.21581903422783313,
        0.2678870928504196,
        0.3041197690777869,
        0.3106994849452524,
        0.31233811037386255,
        0.3134139043938501,
        0.31892789301486196,
        0.32437045068722087,
        0.3275253572271901,
        0.32895913070253907,
        0.3337669609959835,
        0.33933062714826173,
        0.34021545944315945,
        0.3420525941960742,
        0.3442316234874389,
        0.34511330426881776,
        0.34654340455501764,
        0.35311448657080496,
        0.42509173388616783,
        0.44837475798192095,
        0.4668002790887016,
        0.4724631372221398,
        0.4732560653665056,
        0.47476190576533894,
        0.4895577987840646,
        0.507484866084797,
        0.5162454235520852,
        0.5174242646065594,
        0.5182483949100993,
        0.527043198785262,
        0.6270002226003745,
        0.6346608955374556,
        0.6528069228201552,
        0.6610887161241715,
        0.6638010301463905,
        0.6671151389403267,
        0.6686353069389894,
        0.671864664812673,
        0.676456213508697,
        0.6800513337919214,
        0.682578233907621,
        0.6833761568154282,
        0.6834559693562636,
        0.6853240098165144,
        0.6891408938433636,
        0.7051965462953734,
        0.7713702699596013,
        0.7814035508895961,
        0.7844105647004316,
        0.7878482664358682,
        0.7897568961742555,
        0.7902784751771644,
        0.7906224836945439,
        0.7913332479838626,
        0.7945191739532593,
        0.7972450454555986,
        0.8012788037017814,
        0.8059016542765901,
        0.8806090807487483,
        0.949999999981867
      ],