{
  "trainedAt": "2026-06-12T06:44:55.798Z",
  "sampleSize": 15481800,
  "version": "training-v2",
  "trainSampleSize": 12360870,
  "testSampleSize": 3120930,
  "testMetrics": {
    "sampleSize": 3120930,
    "bucketsEvaluated": 3,
    "logLoss": 0.3007175212283954,
    "baselineLogLoss": 0.309424656450961,
    "brier": 0.09187678400157615,
    "accuracy": 0.8657666144386449
  }
}