{
  "trainedAt": "2026-06-06T08:22:05.198Z",
  "sampleSize": 15086214,
  "version": "training-v2",
  "trainSampleSize": 12047295,
  "testSampleSize": 3038919,
  "testMetrics": {
    "sampleSize": 3038919,
    "bucketsEvaluated": 3,
    "logLoss": 0.2964575953692247,
    "baselineLogLoss": 0.305643062530768,
    "brier": 0.09037470246022776,
    "accuracy": 0.8673136730528191
  }
}