{
  "buckets": {
    "Strokes|standard": {
      "x": [
        0.04999999999999625,
        0.054522815027161144,
        0.07709298749910708,
        0.08449798728465856,
        0.10763458666484725,
        0.11045193834264742,
        0.11935749228884691,
        0.1532729823336144,
        0.15722848155219132,
        0.16260549202486246,
        0.18123765039363524,
        0.20898857407473295,
        0.21650926941746584,
        0.22860955380223277,
        0.26674182686240144,
        0.2730685570787963,
        0.2801888513874243,
        0.2847710390447566,
        0.32599997267037384,
        0.335593533982688,
        0.341548925287849,
        0.3515813284744244,
        0.4025643704567919,
        0.41409094224874315,
        0.42503742236312375,
        0.4916896242067856,
        0.5305516597610491,
        0.5777604026498239,
        0.5867316052035184,
        0.6431952259382532,
        0.6643286528622627,
        0.7162238568372763,
        0.7165834930453493,
        0.7169533773646576,
        0.719529694592482,
        0.7223086139751383,
        0.7298268431155761,
        0.777097844606379,
        0.7920633935666526,
        0.8250032038290804,
        0.8390584136464371,
        0.8434956577151698,
        0.9104439691765658,
        0.9500000000001634
      ],
      "y": [
        0.05,
        0.05,
        0.05,
        0.05,
        0.05,
        0.05,
        0.05,
        0.05,
        0.05,
        0.05,
        0.05,
        0.06155218554861731,
        0.06402439024390244,
        0.07673267326732673,
        0.1277445109780439,
        0.12922465208747516,
        0.12965722801788376,
        0.1411764705882353,
        0.1721311475409836,
        0.18181818181818182,
        0.22701149425287356,
        0.24607329842931938,
        0.2890855457227139,
        0.37846153846153846,
        0.3807599029911075,
        0.4218146718146718,
        0.6552706552706553,
        0.6773648648648649,
        0.724188790560472,
        0.8106734434561627,
        0.8244766505636071,
        0.8428571428571429,
        0.875,
        0.8780487804878049,
        0.8898550724637682,
        0.8939393939393939,
        0.9027128157156221,
        0.95,
        0.95,
        0.95,
        0.95,
        0.95,
        0.95,
        0.95
      ],
      "sampleSize": 58156
    },
    "Birdies|standard": {
      "x": [
        0.049999999999996415,
        0.12772622679377857,
        0.252259919851479,
        0.2614857165193736,
        0.2760848571954442,
        0.29719864123850437,
        0.33309087581789376,
        0.4314020018744653,
        0.5738919537646937,
        0.6678665789230013,
        0.7284994353745129,
        0.7625704981206072,
        0.7943216063027414,
        0.9012388908398079,
        0.9500000000001402
      ],
      "y": [
        0.05,
        0.19975186104218362,
        0.20238095238095238,
        0.22363636363636363,
        0.23310810810810811,
        0.23777173913043478,
        0.28188976377952757,
        0.29546726357022945,
        0.49068133211121295,
        0.5114754098360655,
        0.5528644620400559,
        0.6223175965665236,
        0.6380622837370242,
        0.6442475667581732,
        0.95
      ],
      "sampleSize": 58156
    },
    "Pars|standard": {
      "x": [
        0.049999999999996284,
        0.0844463567087803,
        0.15529963803497318,
        0.1708882807898321,
        0.17888068014003106,
        0.19144601149377988,
        0.21959716211987831,
        0.25837061807235967,
        0.26479259468579064,
        0.2671497247393096,
        0.26809373682775534,
        0.27532744283519245,
        0.29877731947355085,
        0.3518928426126152,
        0.44609830424116204,
        0.5665925958150526,
        0.6661040347781891,
        0.7355168808130543,
        0.8870771440579192,
        0.950000000000117
      ],
      "y": [
        0.05,
        0.16992665036674817,
        0.18625277161862527,
        0.19291338582677164,
        0.1952662721893491,
        0.22631578947368422,
        0.25542168674698795,
        0.28370786516853935,
        0.2976190476190476,
        0.32222222222222224,
        0.3333333333333333,
        0.3433395872420263,
        0.35083798882681566,
        0.414704192992533,
        0.45010467550593164,
        0.6061801446416831,
        0.6354226566992525,
        0.6450151057401813,
        0.6540599563232082,
        0.95
      ],
      "sampleSize": 58156
    },
    "Bogeys|standard": {
      "x": [
        0.04999999999999744,
        0.13418469920049983,
        0.2903883031885496,
        0.32300961717398663,
        0.4208196534343133,
        0.5723680651411922,
        0.6670828276216608,
        0.6964788253350379,
        0.7103496399697292,
        0.7415637355343214,
        0.7751096987698298,
        0.8187083851725653,
        0.9080247915370306,
        0.9500000000001628
      ],
      "y": [
        0.05,
        0.2625609298837645,
        0.2899022801302932,
        0.3410757946210269,
        0.34543209876543207,
        0.5466908431550317,
        0.589968152866242,
        0.6363636363636364,
        0.6379310344827587,
        0.6525951557093426,
        0.7240293809024134,
        0.7337209302325581,
        0.7465283076453533,
        0.95
      ],
      "sampleSize": 58156
    },
    "Eagles|standard": {
      "x": [
        0.04999999999999219,
        0.123954260008865,
        0.35437760222709314,
        0.6257980612603977,
        0.7940611451265301,
        0.8692789538350447,
        0.9362223815725448,
        0.9500000000001868
      ],
      "y": [
        0.05,
        0.05,
        0.10681576144834931,
        0.17763883780801765,
        0.22727272727272727,
        0.95,
        0.95,
        0.95
      ],
      "sampleSize": 58156
    },
    "Birdies Or Better|standard": {
      "x": [
        0.04999999999999635,
        0.12265204801985018,
        0.24650946684721042,
        0.2611499751429729,
        0.29005849312360715,
        0.33277944114739355,
        0.430264552676557,
        0.5748095759451358,
        0.656407648380927,
        0.6828335165356514,
        0.7103421276871167,
        0.7472068918871961,
        0.7654743927225108,
        0.8872452181049684,
        0.9500000000001375
      ],
      "y": [
        0.05,
        0.19811729062973382,
        0.21106557377049182,
        0.21340388007054673,
        0.25832492431886983,
        0.2675507020280811,
        0.29699353751053664,
        0.4888093106535363,
        0.49786628733997157,
        0.5229885057471264,
        0.5573440643863179,
        0.5652173913043478,
        0.5978552278820375,
        0.6436953275016002,
        0.95
      ],
      "sampleSize": 58156
    },
    "Birdies or Better Matchup|standard": {
      "x": [
        0.04999999999999635,
        0.12265204801985018,
        0.24650946684721042,
        0.2611499751429729,
        0.29005849312360715,
        0.33277944114739355,
        0.430264552676557,
        0.5748095759451358,
        0.656407648380927,
        0.6828335165356514,
        0.7103421276871167,
        0.7472068918871961,
        0.7654743927225108,
        0.8872452181049684,
        0.9500000000001375
      ],
      "y": [
        0.05,
        0.19811729062973382,
        0.21106557377049182,
        0.21340388007054673,
        0.25832492431886983,
        0.2675507020280811,
        0.29699353751053664,
        0.4888093106535363,
        0.49786628733997157,
        0.5229885057471264,
        0.5573440643863179,
        0.5652173913043478,
        0.5978552278820375,
        0.6436953275016002,
        0.95
      ],
      "sampleSize": 58156
    },
    "Fairways Hit|standard": {
      "x": [
        0.07948745720033108,
        0.2891087607990383,
        0.389675690821276,
        0.4968237590096212,
        0.5634378742034326,
        0.771957065057372,
        0.9500000000002311
      ],