{
  "buckets": {
    "Strokes|standard": {
      "x": [
        0.049999999999621236,
        0.11396161288755968,
        0.11916189468779126,
        0.12023398652112469,
        0.12101049475365479,
        0.12128405769298066,
        0.1215046633402457,
        0.12188768533162449,
        0.2676079555651575,
        0.2713405939066835,
        0.2757169224895239,
        0.2806208996301142,
        0.2824346261012718,
        0.2845647504314994,
        0.2857081721219839,
        0.28633704113137415,
        0.28649352248519,
        0.4813003164963595,
        0.48654029766111834,
        0.48766182972441663,
        0.48878196308601113,
        0.4902797936133103,
        0.49119870468753707,
        0.4917754263563002,
        0.4924235892750613,
        0.4928628226211869,
        0.4931536241346144,
        0.4932514358038075,
        0.49353134490673645,
        0.4938236069283905,
        0.4940998153049039,
        0.494412172714117,
        0.49732497468595876,
        0.5056767755647322,
        0.6556011269630682,
        0.7134620898874522,
        0.7149877451114051,
        0.7164992983560525,
        0.7174867983149287,
        0.7182059249579753,
        0.7189797259084653,
        0.7201105142992538,
        0.7212572858267973,
        0.7283071507951997,
        0.7383710059553138,
        0.8872350513509415,
        0.9500000000068833
      ],
      "y": [
        0.05,
        0.05,
        0.05,
        0.05,
        0.05,
        0.05,
        0.05,
        0.05,
        0.07500642778673772,
        0.07604562737642585,
        0.08380297823596793,
        0.08523290386521308,
        0.09549319727891156,
        0.10831988937543213,
        0.11797307996832937,
        0.13793103448275862,
        0.25,
        0.4198331788693234,
        0.44102178812922616,
        0.4477933261571582,
        0.45915258931044034,
        0.4690755208333333,
        0.5031963470319635,
        0.5083658672615727,
        0.5118110236220472,
        0.536333802156587,
        0.5373134328358209,
        0.5384615384615384,
        0.5604166666666667,
        0.5638766519823789,
        0.5777541622387531,
        0.5838264299802761,
        0.5929993523133676,
        0.6109438288116164,
        0.6875,
        0.8571428571428571,
        0.8784208165096455,
        0.9065934065934066,
        0.9104261979292078,
        0.9135104578858112,
        0.9248134328358208,
        0.9320063925613831,
        0.9332260659694288,
        0.9341844413306347,
        0.9347111319868483,
        0.9473680427782889,
        0.95
      ],
      "sampleSize": 1474792
    },
    "Birdies|standard": {
      "x": [
        0.04999999999962777,
        0.11164983813810121,
        0.15087919919906645,
        0.23976827735821246,
        0.25130269182416604,
        0.2559021023100687,
        0.26144760542327783,
        0.2668638604916974,
        0.2760049114345421,
        0.28493884156157423,
        0.2900068384742434,
        0.2972958059736401,
        0.30563018384656815,
        0.31417001608501055,
        0.3322214469883273,
        0.3646373600436045,
        0.41613475865199906,
        0.44359960930641423,
        0.4554339151639202,
        0.4616427614779491,
        0.4815321493340063,
        0.5238146218962899,
        0.5613847818407611,
        0.6239520490678171,
        0.6572841537915156,
        0.6767194309763673,
        0.6865910037906896,
        0.6957414018227481,
        0.7018428553254951,
        0.706988895083993,
        0.7202645435292789,
        0.7330845140002196,
        0.7394548286312324,
        0.7450395214283309,
        0.7477273962634733,
        0.7481980131118621,
        0.7514380988767206,
        0.7573214908421066,
        0.7670477789643757,
        0.8895192396797199,
        0.950000000006805
      ],
      "y": [
        0.05,
        0.13917002601709694,
        0.15647921760391198,
        0.20447616923191314,
        0.21273481336911443,
        0.2196283499859931,
        0.22097714029583146,
        0.22624952308279284,
        0.24427438275053068,
        0.2597388583144491,
        0.26055736023251835,
        0.2625962211336599,
        0.27052277976065503,
        0.27602153506350086,
        0.3580858085808581,
        0.38388625592417064,
        0.40023201856148494,
        0.40523690773067333,
        0.40725806451612906,
        0.40770465489566615,
        0.4135918565196316,
        0.47805284300597667,
        0.4792746113989637,
        0.5365853658536586,
        0.5648330058939096,
        0.6223316912972086,
        0.6284489887978347,
        0.6348808030112923,
        0.6385518201710761,
        0.6391641322476209,
        0.6395621305914035,
        0.6418026418026418,
        0.6496142056865025,
        0.6502790642441515,
        0.6504751847940866,
        0.654639175257732,
        0.6558383678320293,
        0.6575368888031633,
        0.6724675324675324,
        0.7389016002583499,
        0.95
      ],
      "sampleSize": 1474792
    },
    "Pars|standard": {
      "x": [
        0.04999999999962261,
        0.11309512240527725,
        0.12711060184825218,
        0.127774381698699,
        0.12811322794552507,
        0.12882183696939137,
        0.1308323879862159,
        0.13307854188673537,
        0.1344135293479651,
        0.13667384053109854,
        0.13811206351586153,
        0.13889135061643823,
        0.1399095734612134,
        0.14166731126066648,
        0.15035425636304986,
        0.25191450402802895,
        0.2587599981056197,
        0.26035857076971786,
        0.26273210946462583,
        0.26695363947987566,
        0.2705917250835947,
        0.2751378045550559,
        0.2793569172573124,
        0.28064447480853655,
        0.28777316373484757,
        0.29526239396285686,
        0.30045826869703024,
        0.3144925435959513,
        0.331933058039462,
        0.3987178663517446,
        0.43899956264793133,
        0.4550374254641475,
        0.46523984205561997,
        0.4687425872536659,
        0.47067571297437666,
        0.47252007484093894,
        0.47322000358071586,
        0.4735480835526078,
        0.47390095110689084,
        0.47432488341698276,
        0.47629577992659056,
        0.489437755884184,
        0.5151362703785064,
        0.6828915978892517,
        0.6898489710154991,
        0.6935715274695133,
        0.6974469766361071,
        0.6990736356643101,
        0.7002996207468355,
        0.8226154826940826,
        0.9500000000065392
      ],
      "y": [
        0.05,
        0.05184174624829468,
        0.05512514898688915,
        0.05627198124267292,
        0.057971014492753624,
        0.062159214830970554,
        0.09017941454202077,
        0.0975609756097561,
        0.1163101604278075,
        0.1349862258953168,
        0.14492753623188406,
        0.15254237288135594,
        0.15422885572139303,
        0.1552511415525114,
        0.16565656565656567,
        0.20972999270250547,
        0.21019108280254778,
        0.21153197707092278,
        0.21906996587030717,
        0.23017497186125038,
        0.23741979061127996,
        0.24466264667535853,
        0.245014245014245,
        0.24891950297136684,
        0.2532109025396641,
        0.2564174894217207,
        0.2626146788990826,
        0.32621951219512196,
        0.382262996941896,
        0.3893129770992366,
        0.3918918918918919,
        0.41192230408573344,
        0.4253048780487805,
        0.4392523364485981,
        0.4709639953542393,
        0.48929159802306427,
        0.49065420560747663,
        0.5,
        0.5057766367137355,
        0.5075187969924813,
        0.5294019656838248,
        0.5370603494316014,
        0.5900845537604952,
        0.5910165484633569,
        0.6321585903083701,
        0.6523809523809524,
        0.6695005313496281,
        0.6837606837606838,
        0.699630314232902,
        0.7206303094326335,
        0.95
      ],
      "sampleSize": 1474792
    },