{
  "buckets": {
    "Strokes|standard": {
      "x": [
        0.04999999999962059,
        0.1141908137233157,
        0.1203589019875215,
        0.12177870730703515,
        0.12199683301542229,
        0.26761173347626416,
        0.27135082912368086,
        0.27606985596547623,
        0.28175589695966,
        0.2831992871975506,
        0.2845683560852618,
        0.2857137314201212,
        0.28636319295791673,
        0.28649352248519,
        0.48134920343386806,
        0.48653786919748543,
        0.48747390538468494,
        0.48862677902960916,
        0.48999847377711103,
        0.49079095736199696,
        0.49113901458142223,
        0.49171157069645743,
        0.4922823244732132,
        0.49251385098764006,
        0.49286561121583533,
        0.49313830453181284,
        0.4932671731064087,
        0.49339712101821576,
        0.49361103003144635,
        0.49379432998448736,
        0.4940995257491743,
        0.4944872710988204,
        0.49740579974312754,
        0.505678433406915,
        0.6556011269630682,
        0.7135018261569814,
        0.7136402166933269,
        0.7149842521994536,
        0.7165000072630745,
        0.7174848953799537,
        0.7182400614072307,
        0.718898562588001,
        0.7193970188378407,
        0.7201123097437099,
        0.72780510867582,
        0.7383581688760542,
        0.8872292632155827,
        0.9500000000068922
      ],
      "y": [
        0.05,
        0.05,
        0.05,
        0.05,
        0.05,
        0.07465947654688299,
        0.07484407484407485,
        0.0840745687572821,
        0.09648303765950825,
        0.09702295552367288,
        0.10236578707916287,
        0.12101167315175097,
        0.125,
        0.25,
        0.4216315307057745,
        0.4421168687982359,
        0.44315030504714364,
        0.4528513695554558,
        0.4677173360447382,
        0.47358834244080145,
        0.495253164556962,
        0.5047923322683706,
        0.5229681978798587,
        0.535426731078905,
        0.539651837524178,
        0.5411764705882353,
        0.5527272727272727,
        0.5542635658914729,
        0.5579710144927537,
        0.5771428571428572,
        0.5777777777777777,
        0.5906074527820316,
        0.5912347605015311,
        0.6103411109255689,
        0.6875,
        0.7777777777777778,
        0.875,
        0.88075840616205,
        0.9037990196078431,
        0.9059890240992603,
        0.917789131444496,
        0.9225063938618926,
        0.9304721030042918,
        0.9312779138452673,
        0.9341703361822263,
        0.9373539036933146,
        0.9474817046922084,
        0.95
      ],
      "sampleSize": 1477509
    },
    "Birdies|standard": {
      "x": [
        0.04999999999962711,
        0.11137579756240609,
        0.14346481270487577,
        0.15091288590696253,
        0.23983560415028313,
        0.2506487665146321,
        0.25188263189897053,
        0.25499786143556147,
        0.25908332232688563,
        0.26209882059784456,
        0.2668635061475199,
        0.27600907558679394,
        0.28770579485220804,
        0.29358847877640815,
        0.2940859423202539,
        0.29856413307221125,
        0.30270496084264886,
        0.3044565069652439,
        0.3073493484331682,
        0.31414940191270485,
        0.33220344604398544,
        0.3645829088273855,
        0.43645370679969275,
        0.4554465612547168,
        0.4808382275062776,
        0.5252215884805624,
        0.6239520490678171,
        0.6572237922476809,
        0.6766759521655408,
        0.6834977990293759,
        0.6889000648501086,
        0.6949330582067506,
        0.7010114122529569,
        0.7048217060323391,
        0.708354136767599,
        0.7202530423613527,
        0.7330951197353385,
        0.7394744366890987,
        0.7455253661487342,
        0.7514252246481573,
        0.7573222797391975,
        0.7670540114286707,
        0.8895230034205724,
        0.9500000000068142
      ],
      "y": [
        0.05,
        0.1390517433621316,
        0.1408695652173913,
        0.15521472392638036,
        0.20455221660220171,
        0.2063867534003548,
        0.21846553966189858,
        0.21874605777721712,
        0.22128794093519277,
        0.22337662337662337,
        0.22522522522522523,
        0.24434035909445745,
        0.26029857447524973,
        0.2608695652173913,
        0.2622422680412371,
        0.2633826445020589,
        0.2647058823529412,
        0.264799849652321,
        0.26875616979269495,
        0.27872708405396057,
        0.35960591133004927,
        0.3826771653543307,
        0.40097205346294046,
        0.40630839375140143,
        0.4140890598004793,
        0.47850813800037706,
        0.5365853658536586,
        0.562685093780849,
        0.6236193712829227,
        0.6259342951503564,
        0.6292134831460674,
        0.6353913466212932,
        0.6360844017094017,
        0.6379713914174252,
        0.6390074284811127,
        0.6395528683914511,
        0.6415996938384998,
        0.6504210526315789,
        0.6519762845849802,
        0.6551052221356196,
        0.6577683887075091,
        0.6726531320492799,
        0.7386067440392899,
        0.95
      ],
      "sampleSize": 1477509
    },
    "Pars|standard": {
      "x": [
        0.04999999999962196,
        0.1134761196113624,
        0.12797092478992075,
        0.12873582352079993,
        0.12934068063963056,
        0.130681580111924,
        0.13263197103346475,
        0.13307672668682796,
        0.13440731586401844,
        0.13667584960767923,
        0.13834417258713913,
        0.14082451136408844,
        0.15035425636304986,
        0.25195144078577336,
        0.2593539037564766,
        0.26095690222334134,
        0.2627499174308816,
        0.266955930994819,
        0.270590249859342,
        0.27162060926363296,
        0.2731413604627131,
        0.2767727812031252,
        0.28036149493679896,
        0.28124290785597206,
        0.28815833305432054,
        0.30038142957091973,
        0.31447280816394574,
        0.331933058039462,
        0.3987178663517446,
        0.4390056200342162,
        0.45504126820941715,
        0.4654040793126539,
        0.47074151146625165,
        0.47227825570676063,
        0.47287520495497987,
        0.47373590243490465,
        0.47625832320736755,
        0.4894567893838487,
        0.5171425077876025,
        0.6898645408921351,
        0.6935792404766621,
        0.6974576206080682,
        0.699074800965693,
        0.7003089627995579,
        0.8226685615360186,
        0.9500000000065484
      ],
      "y": [
        0.05,
        0.05179864013865253,
        0.05307735742518351,
        0.060432569974554706,
        0.06382978723404255,
        0.09086242299794661,
        0.09210526315789473,
        0.1,
        0.11390728476821192,
        0.1346153846153846,
        0.15,
        0.1580188679245283,
        0.16565656565656567,
        0.2102461418245751,
        0.21032219570405727,
        0.21602724991036212,
        0.2205372616984402,
        0.2292823256283436,
        0.24020979020979022,
        0.24336415150611393,
        0.24444444444444444,
        0.24490953791842654,
        0.24630910110259766,
        0.2465753424657534,
        0.2530243951209758,
        0.26264150943396225,
        0.3249619482496195,
        0.382262996941896,
        0.3893129770992366,
        0.3933933933933934,
        0.4122748498999333,
        0.4244326412361178,
        0.4525959367945824,
        0.47560975609756095,
        0.4791431792559188,
        0.5056039850560399,
        0.5334818114328137,
        0.5367030685226486,
        0.590588132736677,
        0.6335540838852097,
        0.6480380499405469,
        0.6605005440696409,
        0.6724137931034483,
        0.6993339676498572,
        0.7205123613424651,
        0.95
      ],
      "sampleSize": 1477509
    },