{
  "trainedAt": "2026-06-13T04:22:53.479Z",
  "sampleSize": 15663360,
  "version": "training-v2",
  "trainSampleSize": 12463488,
  "testSampleSize": 3199872,
  "testMetrics": {
    "sampleSize": 3199872,
    "bucketsEvaluated": 8,
    "logLoss": 0.22230454028109745,
    "baselineLogLoss": 0.2529932169186436,
    "brier": 0.06243666914944071,
    "accuracy": 0.9164744714788592
  }
}