{
  "trainedAt": "2026-06-06T08:25:00.037Z",
  "sampleSize": 14825712,
  "version": "training-v2",
  "trainSampleSize": 11798336,
  "testSampleSize": 3027376,
  "testMetrics": {
    "sampleSize": 3027376,
    "bucketsEvaluated": 8,
    "logLoss": 0.22686687591747476,
    "baselineLogLoss": 0.2591176517900516,
    "brier": 0.06409455705588588,
    "accuracy": 0.914194668914598
  }
}